file_idx,event_idx,gen_particle_idx,eta,phi,pt,vx,vy,vz,sum_e,sum_e_minus_pt
0,0,3,-6.835795879364,-2.855776548386,1.969164609909,0.0,0.0,0.0,0.0,0.0
0,1,1,-7.135824203491,0.794904947281,1.31533062458,0.0,0.0,0.0,1.981164527861,3.073734716896
0,2,1,-6.785472393036,0.051789168268,2.135329723358,0.0,0.0,0.0,4.360385523808,8.243421472554
0,3,30,-6.37842464447,-0.768050909042,3.174457073212,0.0,0.0,0.0,14.063652841087,25.498670639675
0,4,58,-6.417760848999,0.921860039234,2.345906972885,0.0,0.0,0.0,7.339363846143,9.579816275119
0,5,6,-6.331096172333,-2.560989141464,3.331939935684,0.0,0.0,0.0,11.245927687605,15.030598474273
0,6,27,-6.015497207642,-2.523279666901,4.60741186142,0.0,0.0,0.0,21.001798257542,26.41949353403
0,7,2,-6.561547279358,0.273594737053,2.687107086182,0.0,0.0,0.0,5.893462540751,8.538917155837
0,8,1,-6.794814109802,-2.773035526276,2.124118328094,0.0,0.0,0.0,4.670687915733,8.988326547421
0,9,1,-7.260272026062,-1.243253827095,1.3123524189,0.0,0.0,0.0,7.608844485849,6.997866743596
0,10,36,-6.107844829559,0.201328039169,3.38884305954,0.0,0.0,0.0,6.759941654172,10.264439653733
0,11,5,-6.573254108429,0.561949253082,2.59969162941,0.0,0.0,0.0,2.495630300284,3.340720130929
0,12,1,-6.965077400208,-1.387272119522,1.64276266098,0.0,0.0,0.0,1.336428625154,2.44802432949
0,13,1,-6.270357608795,1.097926735878,3.337782859802,0.0,0.0,0.0,0.893774130094,1.737246996729
0,14,5,-7.105644702911,0.461340755224,1.417546272278,0.0,0.0,0.0,0.0,0.0
0,15,32,-7.493982315063,-2.796689271927,0.993131041527,0.0,0.0,0.0,4.387130150219,8.054695596693
0,16,7,-7.080024719238,2.375773906708,1.582976460457,0.0,0.0,0.0,2.528920511754,3.447971114124
0,17,2,-7.051226615906,1.190120697021,1.644911170006,0.0,0.0,0.0,11.380032283502,16.744566683887
0,18,0,-7.11517572403,0.217223495245,1.498551130295,0.0,0.0,0.0,4.409593842339,0.482466621507
0,19,2,-6.38269329071,-0.999505758286,3.1325070858,0.0,0.0,0.0,12.100679712794,18.719092666608
0,20,1,-6.289212226868,2.244138479233,3.441984176636,0.0,0.0,0.0,3.859459426954,3.85909581387
0,21,1,-7.312960147858,-3.132492780685,1.229630470276,0.0,0.0,0.0,3.853013961477,6.588055567971
0,22,2,-7.087748527527,-1.015794157982,1.575661301613,0.0,0.0,0.0,1.756270236309,0.43107575927
0,23,52,-4.569267272949,0.934085667133,6.873059272766,0.0,0.0,0.0,2.504336857291,3.950059780584
0,24,2,-7.011676311493,-1.769213676453,1.707214713097,0.0,0.0,0.0,8.376840506309,14.621192634418
0,25,47,-3.989479541779,-1.865060448647,4.72226190567,0.0,0.0,0.0,9.358511266367,10.693966368845
0,26,3,-7.160207748413,-2.081509828568,1.452887177467,0.0,0.0,0.0,3.474933714398,2.218126030516
0,27,48,-6.620028018951,0.049179308116,1.883959054947,0.0,0.0,0.0,6.233556807354,9.151613386327
0,28,4,-6.720587730408,3.031925678253,2.28618979454,0.0,0.0,0.0,6.014514092315,6.620548976086
0,29,5,-7.180934906006,-1.820816636086,1.370837688446,0.0,0.0,0.0,1.632857057783,0.363039609393
0,30,1,-7.181623935699,-1.144857048988,1.362686395645,0.0,0.0,0.0,1.896023123613,3.511029685818
0,31,2,-6.145476341248,-1.026960730553,3.034932374954,0.0,0.0,0.0,4.082060886175,1.941342623743
0,32,29,-6.13681268692,0.232262313366,4.032451152802,0.0,0.0,0.0,13.236100510397,19.066261240252
0,33,12,-6.289344787598,0.927083134651,3.293867826462,0.0,0.0,0.0,21.160488274246,16.158503291992
0,34,1,-6.381658554077,1.898200154305,2.816056013107,0.0,0.0,0.0,0.0,0.0
0,35,6,-7.22523355484,-2.372475385666,1.286073088646,0.0,0.0,0.0,0.0,0.0
0,36,6,-7.205015182495,-1.88166987896,1.302888274193,0.0,0.0,0.0,6.093018830662,7.637926044307
0,37,1,-6.978866100311,-0.201823413372,1.754319310188,0.0,0.0,0.0,2.212159452077,2.66550307165
0,38,9,-6.557409286499,-3.108143806458,2.247228145599,0.0,0.0,0.0,0.0,0.0
0,39,1,-6.790133476257,-1.374280810356,1.906608581543,0.0,0.0,0.0,5.057801715948,0.239098856181
0,40,26,-6.724304199219,-0.717565655708,2.089018344879,0.0,0.0,0.0,14.556118947117,16.645035708788
0,41,44,-6.927336215973,-1.480823874474,1.694170117378,0.0,0.0,0.0,6.658427102093,1.320771192369
0,42,4,-6.585790157318,-1.041514635086,2.559053659439,0.0,0.0,0.0,7.750311943066,10.591329311063
0,43,2,-7.030061244965,-0.186933904886,1.573023557663,0.0,0.0,0.0,2.894698295498,1.474529542449
0,44,3,-6.838511943817,-2.030297517776,2.026693105698,0.0,0.0,0.0,10.761178927955,17.051800327247
0,45,1,-7.49798822403,0.50777477026,1.042099118233,0.0,0.0,0.0,2.848912719303,5.402418723263
0,46,1,-6.64234828949,-2.250019550323,2.459627151489,0.0,0.0,0.0,2.318828289783,0.508352593851
0,47,2,-7.361032485962,0.666373252869,1.154573321342,0.0,0.0,0.0,3.124908443857,1.015930413686
0,48,2,-7.015937805176,1.572927236557,1.685598134995,0.0,0.0,0.0,1.208941017405,0.187606486083
0,49,0,-7.225071907043,2.616469144821,1.38371181488,0.0,0.0,0.0,3.238298113854,0.792917788767
0,50,1,-7.403807640076,-1.60857462883,1.141663551331,0.0,0.0,0.0,2.670262083429,2.872560339235
0,51,1,-7.170745849609,1.253238081932,1.441497325897,0.0,0.0,0.0,2.722362469645,2.942854186174
0,52,1,-7.022952079773,-2.722337961197,1.68826842308,0.0,0.0,0.0,2.968209846469,5.205531307883
0,53,6,-6.320322990417,-0.99273878336,3.186237812042,0.0,0.0,0.0,2.390618371652,1.569096931582
0,54,1,-7.31081199646,-0.649737715721,1.268575429916,0.0,0.0,0.0,2.100794023505,0.483955692155
0,55,54,-6.80376958847,1.266483664513,2.103332042694,0.0,0.0,0.0,16.784468383879,16.685191465874
0,56,2,-6.993200302124,0.345766961575,1.725256085396,0.0,0.0,0.0,1.903739541089,0.313488322253
0,57,2,-7.412286281586,-2.787745952606,1.087147831917,0.0,0.0,0.0,8.576762522604,11.060642004157
0,58,16,-7.372678756714,-0.928960442543,1.193479180336,0.0,0.0,0.0,1.646916080224,0.488285719439
0,59,8,-7.532607555389,0.252328187227,0.998400330544,0.0,0.0,0.0,0.0,0.0
0,60,1,-6.868420600891,1.498898267746,1.976329803467,0.0,0.0,0.0,6.337703765405,5.887036107817
0,61,7,-6.953773975372,0.155599147081,1.624470353127,0.0,0.0,0.0,11.245381938944,12.039898493225
0,62,10,-7.250428199768,2.450242996216,1.226470470428,0.0,0.0,0.0,4.413206610459,5.402280284413
0,63,22,-6.417498588562,1.23875272274,3.036227226257,0.0,0.0,0.0,8.757341063332,9.242336059795
0,64,1,-7.263956546783,1.264181375504,1.326757192612,0.0,0.0,0.0,3.896522007865,3.91335165477
0,65,7,-7.014252662659,-1.454017400742,1.605962395668,0.0,0.0,0.0,1.344609633945,0.731879754381
0,66,2,-7.394742012024,2.349388837814,1.108172655106,0.0,0.0,0.0,5.464954318413,4.880248858627
0,67,1,-7.05298614502,1.542025089264,1.637091159821,0.0,0.0,0.0,7.753828798078,9.108167305676
0,68,10,-7.360877037048,-0.996953189373,1.161921739578,0.0,0.0,0.0,0.788314299101,1.223182293344
0,69,1,-5.969962120056,-0.386923342943,4.601452350616,0.0,0.0,0.0,4.545211425253,6.15250382444
0,70,45,-5.603895664215,-1.522240042686,5.320282459259,0.0,0.0,0.0,5.54056388942,10.574797211491
0,71,2,-6.734596729279,1.75758767128,2.241879940033,0.0,0.0,0.0,3.498129746919,2.204946850133
0,72,1,-7.182440280914,-1.737948656082,1.350480079651,0.0,0.0,0.0,0.783227626643,0.019874226882
0,73,22,-5.112608909607,0.572530984879,1.9650131464,0.0,0.0,0.0,0.0,0.0
0,74,34,-5.384405136108,2.812846422195,7.61043548584,0.0,0.0,0.0,4.307447810119,2.614065463702
0,75,34,-6.903295993805,-1.657351016998,1.580540895462,0.0,0.0,0.0,18.016219730135,20.162131891294
0,76,1,-6.781506061554,-0.510320544243,1.663173794746,0.0,0.0,0.0,2.201201377679,0.543366350865
0,77,2,-6.136152267456,-2.210350513458,3.955855607986,0.0,0.0,0.0,9.58057808959,13.947333556491
0,78,19,-7.43393611908,-1.387143015862,1.098481416702,0.0,0.0,0.0,1.284939565245,2.125375696135
0,79,21,-6.054567813873,2.485326051712,4.231559753418,0.0,0.0,0.0,7.507665389693,4.314560072186
0,80,10,-6.639109134674,-2.596818685532,1.882417201996,0.0,0.0,0.0,9.306248478617,7.592423452658
0,81,8,-7.451950073242,-1.054183006287,1.027741312981,0.0,0.0,0.0,5.132101647429,5.110873790188
0,82,23,-6.722702503204,0.427070349455,2.266742706299,0.0,0.0,0.0,11.394496262501,15.540808205055
0,83,2,-6.714523792267,-0.198708668351,1.737127423286,0.0,0.0,0.0,4.207105747655,5.316407146726
0,84,4,-7.103398323059,-2.690901517868,1.562894105911,0.0,0.0,0.0,4.620368858863,8.815933454854
0,85,2,-7.299719333649,-2.451490879059,1.275595068932,0.0,0.0,0.0,0.991200590158,1.828607184672
0,86,3,-6.864478588104,1.72983622551,1.799808382988,0.0,0.0,0.0,5.639814244829,6.40829182686
0,87,19,-6.813213348389,0.594534158707,1.788292646408,0.0,0.0,0.0,2.21477751505,4.345793882277
0,88,1,-7.11853313446,-2.464779853821,1.529090046883,0.0,0.0,0.0,1.488880373326,1.768647154712
0,89,1,-7.393297195435,2.850056171417,1.131980538368,0.0,0.0,0.0,1.597965742189,2.525645982865
0,90,2,-7.361631393433,3.027302026749,1.132253050804,0.0,0.0,0.0,2.982247367903,1.469590830979
0,91,1,-6.431694507599,-2.480150938034,2.897138595581,0.0,0.0,0.0,2.540528634051,4.841915949827
0,92,38,-7.130684375763,-2.31912446022,1.485730409622,0.0,0.0,0.0,9.179024796246,13.324860959404
0,93,37,-6.457894325256,1.336424469948,2.900608539581,0.0,0.0,0.0,13.815881229016,22.620054506046
0,94,2,-6.584813594818,-0.27910682559,2.611088037491,0.0,0.0,0.0,7.844879249253,15.152588018153
0,95,4,-7.258247375488,-0.117797859013,1.236648201942,0.0,0.0,0.0,0.0,0.0
0,96,29,-7.248097896576,-0.918109238148,1.320997357368,0.0,0.0,0.0,8.31548592467,15.674789396919
0,97,29,-7.218307971954,0.99331843853,1.372955322266,0.0,0.0,0.0,2.159309454451,3.491868352461
0,98,1,-6.737060070038,-1.302502155304,2.208029747009,0.0,0.0,0.0,6.474238509294,5.206360435069
0,99,4,-6.673330307007,-0.52130228281,2.072198629379,0.0,0.0,0.0,1.904577060813,0.048469806668
0,100,2,-7.489090442657,1.721625566483,1.007998347282,0.0,0.0,0.0,0.451126274479,0.847137599415
0,101,1,-7.013450622559,-2.073011398315,1.647604942322,0.0,0.0,0.0,0.0,0.0
0,102,1,-6.310770988464,2.160210847855,3.171177148819,0.0,0.0,0.0,8.064597228964,6.300676115737
0,103,9,-7.225712299347,-3.064291715622,1.372574687004,0.0,0.0,0.0,9.57152000297,15.84593351113
0,104,1,-6.773715496063,0.201533660293,1.925666689873,0.0,0.0,0.0,1.074238166288,0.576835205967
0,105,1,-5.47868680954,-2.134120941162,1.96363568306,0.0,0.0,0.0,5.293101132092,3.661223810741
0,106,1,-7.456725120544,0.349409967661,1.049542307854,0.0,0.0,0.0,3.91439740616,5.719177961233
0,107,2,-7.341975212097,-3.133867502213,1.212995409966,0.0,0.0,0.0,1.828668521428,1.243426955094
0,108,2,-6.235147953033,3.123842954636,3.642664670944,0.0,0.0,0.0,4.342211128888,5.570539212424
0,109,1,-6.72193145752,2.389039039612,1.744900822639,0.0,0.0,0.0,8.883546545557,5.445361727926
0,110,16,-6.919061660767,2.324494123459,1.869410157204,0.0,0.0,0.0,11.873043740762,17.910565350684
0,111,21,-6.60724401474,-2.376013994217,2.383826255798,0.0,0.0,0.0,1.966118199331,3.593402712945
0,112,22,-5.810503959656,-0.564950942993,5.642344474792,0.0,0.0,0.0,13.097942241385,19.691093266118
0,113,2,-6.898110389709,-0.743963778019,1.910681962967,0.0,0.0,0.0,1.897957759151,0.361122657207
0,114,1,-7.510763645172,-0.470853298903,1.034327864647,0.0,0.0,0.0,1.798425842824,3.246021866819
0,115,29,-6.201018333435,0.963738679886,3.810261249542,0.0,0.0,0.0,19.871977511273,36.856501047127
0,116,20,-7.005774497986,-1.779199004173,1.709932923317,0.0,0.0,0.0,8.631339165858,13.659591782875
0,117,64,-6.897839546204,2.131388664246,1.859073519707,0.0,0.0,0.0,35.187785050428,55.60655527816
0,118,1,-7.45915222168,-1.268971920013,1.027816772461,0.0,0.0,0.0,0.693640406378,1.350764400708
0,119,32,-6.524973392487,-2.706707239151,2.771785974503,0.0,0.0,0.0,8.360516514125,12.046871135323
0,120,2,-6.891921043396,-1.740005016327,1.625798583031,0.0,0.0,0.0,4.560466039166,6.846755296928
0,121,46,-5.634984970093,0.339402288198,2.511955976486,0.0,0.0,0.0,6.78072905758,11.774631247686
0,122,4,-7.163386821747,0.195405632257,1.428881287575,0.0,0.0,0.0,1.391965437457,0.432001449083
0,123,43,-6.755360126495,-1.788481593132,1.873509407043,0.0,0.0,0.0,9.097645828237,13.968471184365
0,124,2,-7.521716594696,-2.532499074936,0.997869133949,0.0,0.0,0.0,2.540135719722,3.809824095634
0,125,25,-7.381508827209,1.571257352829,1.161704897881,0.0,0.0,0.0,3.779256425186,0.58324055295
0,126,2,-6.989422798157,2.271386861801,1.546117782593,0.0,0.0,0.0,1.029893162538,0.690191930856
0,127,7,-6.904314517975,0.64313608408,1.865081429482,0.0,0.0,0.0,1.5103623383,2.920910348738
0,128,2,-7.42027759552,1.594434261322,1.116335630417,0.0,0.0,0.0,0.0,0.0
0,129,37,-7.260638237,0.452907472849,1.295689940453,0.0,0.0,0.0,4.032835696833,1.815310047601
0,130,28,-6.377171516418,-1.896082282066,2.619140863419,0.0,0.0,0.0,3.023104846622,3.748022154657
0,131,29,-7.024003982544,3.021250247955,1.539145827293,0.0,0.0,0.0,2.229776439984,0.914448709842
0,132,57,-5.286018371582,-2.035894870758,4.598444461823,0.0,0.0,0.0,10.179570769265,15.303470187989
0,133,12,-2.455075502396,-0.953004419804,0.731867611408,0.175108999014,-0.14028814435,-1.66946554184,6.613430686625,4.247152426387
0,133,20,-6.601450443268,2.498227834702,2.507175207138,0.0,0.0,0.0,6.613430686625,4.247152426387
0,134,2,-6.98539352417,1.522008776665,1.519510030746,0.0,0.0,0.0,2.322263097452,0.72422302077
0,135,11,-7.090048789978,2.643758296967,1.566309213638,0.0,0.0,0.0,0.0,0.0
0,136,37,-6.377209663391,-0.727949202061,3.062580823898,0.0,0.0,0.0,6.487543611686,7.641098536278
0,137,2,-7.445155620575,2.058466672897,1.093561053276,0.0,0.0,0.0,1.071429469465,1.570524800136
0,138,5,-6.683080196381,-0.368462026119,2.30162858963,0.0,0.0,0.0,2.757290482999,5.186801403037
0,139,1,-7.126899719238,0.289377331734,1.333610892296,0.0,0.0,0.0,4.856165872007,0.50373860624
0,140,2,-6.305167198181,-1.524334907532,2.592143535614,0.0,0.0,0.0,3.231530856403,2.305730413416
0,141,1,-6.442050457001,2.994605064392,2.016913175583,0.0,0.0,0.0,4.05046241975,7.560720410516
0,142,2,-7.192133903503,-0.423296242952,1.277768850327,0.0,0.0,0.0,1.549110451468,1.939456062501
0,143,1,-7.063410282135,-0.706254661083,1.595951080322,0.0,0.0,0.0,4.53010101292,8.540698554794
0,144,2,-6.635257720947,1.556547522545,2.428324222565,0.0,0.0,0.0,1.531562087699,0.042454383296
0,145,2,-6.217593669891,1.576358914375,1.997341156006,0.0,0.0,0.0,4.155018137966,4.924888678077
0,146,2,-6.65243434906,1.106086015701,2.426278352737,0.0,0.0,0.0,7.019537025029,0.609039814407
0,147,1,-6.384184360504,-1.103426456451,3.193061351776,0.0,0.0,0.0,7.558110818142,10.212984253827
0,148,2,-7.413593769073,-2.676613807678,1.092081427574,0.0,0.0,0.0,0.526127539,0.403004351906
0,149,33,-7.247866153717,2.770680427551,1.310578227043,0.0,0.0,0.0,0.0,0.0
0,150,7,-7.052011966705,3.009689331055,1.639959931374,0.0,0.0,0.0,11.593013367421,21.194225291658
0,151,1,-6.50946855545,0.566519677639,2.800733804703,0.0,0.0,0.0,0.450563875039,0.885125296233
0,152,6,-7.178023815155,3.09676527977,1.433933019638,0.0,0.0,0.0,5.392066567626,3.76054041753
0,153,7,-7.273697376251,-2.000377893448,1.197959184647,0.0,0.0,0.0,1.256723601848,0.667038285435
0,154,13,-6.494436740875,-1.978091835976,2.364218235016,0.0,0.0,0.0,0.677407803729,0.91665104395
0,155,76,-5.761884212494,-2.091172218323,4.232639789581,0.0,0.0,0.0,9.120520850593,11.74580670817
0,156,1,-7.490135669708,-2.421881198883,1.032881498337,0.0,0.0,0.0,1.467893841115,2.565530156023
0,157,39,-6.790379524231,-1.081734657288,2.128874063492,0.0,0.0,0.0,6.218175346646,8.879704212841
0,158,27,-6.215044498444,-2.580150365829,3.295437574387,0.0,0.0,0.0,3.057948337542,3.560052147412
0,159,5,-7.167591094971,-0.013278909959,1.459130048752,0.0,0.0,0.0,9.673921723583,16.320325358591
0,160,1,-6.453503608704,0.662714064121,2.357793807983,0.0,0.0,0.0,4.889490457881,5.073007941977
0,161,55,-6.692219257355,-0.682871103287,1.829554319382,0.0,0.0,0.0,3.656315627068,7.148792458799
0,161,64,-5.343660831451,0.562979757786,0.19904653728,0.006584417541,0.033830504864,-6.741331577301,3.656315627068,7.148792458799
0,162,26,-6.047927856445,0.580878198147,0.370843976736,0.00153282762,0.102085359395,-10.266573905945,3.554793091782,4.217572005588
0,162,41,-5.982182502747,-1.065773367882,3.072481870651,0.0,0.0,0.0,3.554793091782,4.217572005588
0,163,2,-6.911905765533,-1.507890820503,1.853957176208,0.0,0.0,0.0,1.732297260461,0.318205932993
0,164,11,-7.114254951477,2.620547533035,1.400068044662,0.0,0.0,0.0,1.112105017678,0.531619835971
0,165,1,-6.428205490112,-1.810902476311,2.911312818527,0.0,0.0,0.0,5.999022579661,3.481112807353
0,166,1,-6.520945072174,-2.976898670197,2.77419257164,0.0,0.0,0.0,3.604180471248,1.156561605211
0,167,37,-7.161144256592,-2.977810382843,1.475143909454,0.0,0.0,0.0,12.262608002363,12.632816986938
0,168,1,-7.408595085144,2.3527135849,1.106891751289,0.0,0.0,0.0,4.546303276914,4.703830539758
0,169,0,-6.222971439362,-1.29729449749,2.451330184937,0.0,0.0,0.0,8.720660298981,16.696893879156
0,170,2,-6.594056129456,-1.405992031097,2.170269727707,0.0,0.0,0.0,2.119051151169,0.831942355762
0,171,2,-7.396862030029,-2.210506439209,1.125526189804,0.0,0.0,0.0,5.944254344491,7.903882294051
0,172,8,-6.802529811859,1.646847248077,2.099088668823,0.0,0.0,0.0,3.383768003456,4.238177792508
0,173,2,-6.848914146423,-2.679430007935,1.673605442047,0.0,0.0,0.0,8.393842686473,7.855217608247
0,174,1,-7.503739833832,-0.923072993755,1.031598448753,0.0,0.0,0.0,1.563217929441,2.667521147953
0,175,11,-6.101266384125,0.803537964821,2.502866744995,0.0,0.0,0.0,4.890063185125,5.795436732375
0,176,38,-6.067869186401,-0.681997478008,4.396186828613,0.0,0.0,0.0,6.862999230895,10.778623429327
0,177,1,-6.949776649475,-0.875408291817,1.731900453568,0.0,0.0,0.0,0.716132234896,0.427007883478
0,178,1,-7.060046195984,2.787526369095,1.616210579872,0.0,0.0,0.0,4.306943146895,8.001058100348
0,179,1,-6.542209148407,1.753304839134,2.560242891312,0.0,0.0,0.0,2.701810097667,0.609940036668
0,180,1,-7.018533706665,-0.902827441692,1.592135667801,0.0,0.0,0.0,0.348746932014,0.018607189312
0,181,12,-6.948663234711,0.609680294991,1.790730714798,0.0,0.0,0.0,1.754576569998,0.098374286422
0,182,1,-7.034928798676,2.734269142151,1.561518192291,0.0,0.0,0.0,2.999972684793,5.065096619252
0,183,1,-7.000003814697,2.679323911667,1.614328622818,0.0,0.0,0.0,5.019752567173,1.584156441898
0,184,2,-5.99236869812,-0.04448492825,4.737022399902,0.0,0.0,0.0,12.464444431907,18.890538152614
0,185,20,-6.185485363007,-0.788439750671,3.89968419075,0.0,0.0,0.0,5.184665790558,9.63873913999
0,186,40,-5.523361682892,2.024156332016,6.737687587738,0.0,0.0,0.0,2.002337316289,0.071169783022
0,187,12,-7.1209192276,0.742126166821,1.480461120605,0.0,0.0,0.0,10.399828654348,7.771854404666
0,188,27,-5.17609500885,0.024195702747,7.604642868042,0.0,0.0,0.0,1.773926415992,1.613469310029
0,189,1,-7.024173736572,1.593724131584,1.571478843689,0.0,0.0,0.0,10.725904212849,6.948146037701
0,190,12,-7.126705646515,2.386075496674,1.374442815781,0.0,0.0,0.0,2.832594080853,3.673815129533
0,191,7,-7.518118858337,-1.409153461456,1.016919493675,0.0,0.0,0.0,3.483729288019,4.947713873392
0,192,4,-6.425014019012,1.975804686546,2.469621181488,0.0,0.0,0.0,2.755701796946,4.731481094922
0,193,1,-4.902410984039,2.809515953064,13.926675796509,0.0,0.0,0.0,21.741653082713,33.414968297638
0,194,2,-5.973954200745,-0.468760818243,2.006103038788,0.0,0.0,0.0,7.005369721209,12.405762263359
0,195,5,-7.387552261353,2.504056453705,1.173942804337,0.0,0.0,0.0,1.61294062034,3.006557829019
0,196,0,-6.137408256531,-0.258876651525,2.3871281147,0.0,0.0,0.0,3.902066952254,2.721798352184
0,197,53,-7.398810863495,2.780309915543,1.096799015999,0.0,0.0,0.0,9.040221261282,17.282236069299
0,198,7,-7.027489185333,-1.067724227905,1.659754276276,0.0,0.0,0.0,1.56054330501,2.65602137063
0,199,2,-7.312957763672,1.506405353546,1.252658486366,0.0,0.0,0.0,4.112064716607,0.81841968434
0,200,3,-7.078262805939,-1.324409127235,1.52515411377,0.0,0.0,0.0,1.118624183406,1.455693339311
0,201,5,-7.322732448578,2.608749389648,1.250329613686,0.0,0.0,0.0,4.124829099427,6.260701079864
0,202,44,-6.242423534393,2.790078163147,3.380959749222,0.0,0.0,0.0,9.812987473062,4.067522470157
0,203,1,-5.908270359039,-0.438093692064,2.918664693832,0.0,0.0,0.0,7.122236073503,11.404070679958
0,204,53,-6.609289169312,-0.429590821266,2.52841758728,0.0,0.0,0.0,7.091033210474,10.952283640139
0,205,3,-6.319334983826,2.401012897491,3.329627990723,0.0,0.0,0.0,4.483760151893,8.740722684656
0,206,1,-7.256258010864,0.397627264261,1.333298206329,0.0,0.0,0.0,3.879657890863,5.699005612637
0,207,7,-7.122372150421,2.427006959915,1.436016798019,0.0,0.0,0.0,1.047182336364,0.872445880835
0,208,2,-6.586668491364,1.482162237167,2.368509531021,0.0,0.0,0.0,2.200891719685,3.993518652893
0,209,2,-6.956461906433,-2.199071884155,1.746296286583,0.0,0.0,0.0,4.215692378323,4.516652958443
0,210,2,-7.234387874603,0.848515808582,1.354827404022,0.0,0.0,0.0,6.441595036024,7.929909068215
0,211,6,-6.73691368103,1.224908709526,2.106930017471,0.0,0.0,0.0,3.537181956146,2.442107695455
0,212,2,-7.470173835754,-2.508540391922,1.080383777618,0.0,0.0,0.0,7.118840103077,9.157285240781
0,213,6,-7.02955532074,2.702395677567,1.56676363945,0.0,0.0,0.0,5.927420711964,8.351793520601
0,214,3,-7.447921276093,0.158273413777,1.050273299217,0.0,0.0,0.0,4.724297009447,8.573941105699
0,215,35,-6.654545307159,-1.368508219719,2.277866840363,0.0,0.0,0.0,3.752254024011,4.204585437166
0,216,29,-6.357325077057,-0.161934703588,2.312697410583,0.0,0.0,0.0,3.793179228052,3.618550669824
0,217,37,-3.662121772766,0.626391232014,1.240631222725,2.096379041672,0.4212423563,-67.192291259766,10.112292629562,8.147650774011
0,217,59,-6.258853912354,2.678401231766,2.881556987762,0.0,0.0,0.0,10.112292629562,8.147650774011
0,218,2,-7.404184341431,-0.378572255373,1.136727571487,0.0,0.0,0.0,4.15115691236,7.443077574361
0,219,11,-6.871475219727,-2.013341665268,1.844776391983,0.0,0.0,0.0,0.843772935835,0.513533411052
0,220,1,-7.245735645294,1.18351495266,1.339041829109,0.0,0.0,0.0,2.217763918742,4.184134993674
0,221,17,-6.100670814514,0.562454998493,3.450912714005,0.0,0.0,0.0,0.0,0.0
0,222,2,-7.118844509125,1.505025863647,1.399334669113,0.0,0.0,0.0,3.167859029344,3.248374943181
0,223,29,-7.168833732605,0.156892284751,1.302625894547,0.0,0.0,0.0,8.089058573855,2.890056526398
0,224,18,-6.522282123566,-1.065336346626,1.927758216858,0.0,0.0,0.0,7.547825665842,13.825883122922
0,224,57,-3.516859292984,-1.323472619057,0.39581656456,-0.277075737715,-0.296153277159,-23.747602462769,7.547825665842,13.825883122922
0,225,1,-7.195673465729,-3.043581724167,1.402973771095,0.0,0.0,0.0,4.989101823661,4.918530121503
0,226,8,-7.496275424957,-3.065072059631,1.023735284805,0.0,0.0,0.0,1.622365381646,0.199353981105
0,227,24,-6.959794044495,-1.152804017067,1.705379605293,0.0,0.0,0.0,2.007206648227,0.505556147219
0,228,1,-7.419597148895,-0.618010997772,1.084401011467,0.0,0.0,0.0,1.17392832589,0.649755835183
0,229,21,-6.818215370178,1.115096449852,2.01820898056,0.0,0.0,0.0,1.973362425668,3.675926759468
0,230,22,-7.083607673645,-1.658014774323,1.465246915817,0.0,0.0,0.0,6.647360941511,12.448588955212
0,231,2,-6.416778564453,-1.92872595787,2.99688911438,0.0,0.0,0.0,2.390576825973,3.172393965178
0,232,1,-7.14666891098,-0.591197490692,1.492463588715,0.0,0.0,0.0,1.883206572396,3.471193256225
0,233,1,-7.134411811829,-1.55378651619,1.496626496315,0.0,0.0,0.0,1.469667787825,2.851812453775
0,234,11,-6.17228937149,0.173732742667,2.00575709343,0.0,0.0,0.0,5.164301671865,3.541727253918
0,235,1,-7.086384296417,1.92706489563,1.54519712925,0.0,0.0,0.0,3.920848386689,1.137503667181
0,236,6,-6.331920623779,2.032061576843,2.218759775162,0.0,0.0,0.0,3.071493179151,3.127705507704
0,237,10,-6.97954416275,-0.16832883656,1.750034570694,0.0,0.0,0.0,2.246674634613,2.848280136805
0,238,33,-6.890491008759,2.964634418488,1.847488641739,0.0,0.0,0.0,6.144571899762,11.939082878483
0,239,1,-7.478821277618,0.627419829369,1.027777910233,0.0,0.0,0.0,1.198988686588,0.515841067092
0,240,1,-7.04351568222,-1.033233165741,1.611008167267,0.0,0.0,0.0,4.506631018203,8.762170762862
0,241,31,-6.707790851593,-2.941848278046,2.261952161789,0.0,0.0,0.0,14.83032930599,26.950754821899
0,242,6,-6.616755008698,2.794988393784,2.401329517365,0.0,0.0,0.0,0.876641427428,0.03452364633
0,243,40,-7.120604515076,1.386630773544,1.519968509674,0.0,0.0,0.0,5.139351573365,5.072794175126
0,244,1,-7.143437862396,-1.266775727272,1.433023095131,0.0,0.0,0.0,0.709378300497,0.398471271237
0,245,2,-6.144010066986,0.526557385921,3.749996185303,0.0,0.0,0.0,2.938463455523,1.004020222966
0,246,17,-6.793340206146,-2.429178237915,2.074917793274,0.0,0.0,0.0,1.240222763736,1.205480558782
0,247,19,-6.045102119446,-2.688994884491,4.487159252167,0.0,0.0,0.0,2.883668244742,3.198807797617
0,248,25,-7.367970466614,-0.05781763047,1.182865738869,0.0,0.0,0.0,21.693829841084,38.371540726303
0,249,2,-7.347111225128,-0.901096999645,1.128832578659,0.0,0.0,0.0,0.0,0.0
0,250,25,-6.801346302032,-3.001085519791,1.830161690712,0.0,0.0,0.0,6.297272682791,3.627003288628
0,251,50,-6.633240699768,2.535899162292,1.777427911758,0.0,0.0,0.0,4.191264948091,6.51146676682
0,252,20,-5.626519680023,2.088741779327,6.807549953461,0.0,0.0,0.0,9.056606018274,7.513903097675
0,253,26,-5.861807346344,-2.575105190277,4.235373973846,0.0,0.0,0.0,8.295050543808,7.065094128854
0,254,8,-7.430247783661,0.946865737438,1.055333256721,0.0,0.0,0.0,0.387626853243,0.008715739407
0,255,1,-6.653509616852,0.184926599264,2.181606054306,0.0,0.0,0.0,4.847174895363,8.818875000431
0,256,60,-5.818500995636,2.514247894287,3.88632440567,0.0,0.0,0.0,7.946372435837,8.548583084996
0,257,1,-7.538332462311,-0.908061385155,1.007821679115,0.0,0.0,0.0,7.586107153683,2.690921568871
0,258,2,-7.373394012451,-2.265571117401,1.156224727631,0.0,0.0,0.0,1.063658853464,0.329146730558
0,259,27,-5.886594772339,-0.100065484643,5.001046180725,0.0,0.0,0.0,5.758917339772,11.315451595865
0,260,2,-6.881125926971,1.531202316284,1.657437562943,0.0,0.0,0.0,1.699575629548,0.309908858626
0,261,16,-7.032419681549,0.828661501408,1.665381669998,0.0,0.0,0.0,0.0,0.0
0,262,5,-6.225253105164,0.565383315086,3.402738571167,0.0,0.0,0.0,2.598599791792,4.994136398234
0,263,20,-7.023880958557,1.024176120758,1.527130723,0.0,0.0,0.0,11.31763289973,20.010198621664
0,264,2,-7.275497436523,-2.266982793808,1.201749563217,0.0,0.0,0.0,5.162204902864,0.378846374552
0,265,1,-6.741772174835,-0.588031888008,2.182412862778,0.0,0.0,0.0,6.283031744839,9.006083817586
0,266,2,-7.398633003235,0.137267753482,1.134379982948,0.0,0.0,0.0,1.825255345796,3.349991173782
0,267,7,-6.887581825256,-0.410576850176,1.705845713615,0.0,0.0,0.0,6.201087589599,10.72236166014
0,268,1,-7.082368373871,2.936879873276,1.589141130447,0.0,0.0,0.0,3.223745594012,4.507176002546
0,269,5,-7.005889892578,2.371223449707,1.696495652199,0.0,0.0,0.0,9.494488026164,5.586537662289
0,270,20,-7.353063106537,2.822642803192,1.198304057121,0.0,0.0,0.0,8.770962980578,12.176804096664
0,271,9,-7.152737617493,-0.30002823472,1.446076273918,0.0,0.0,0.0,1.651804515039,0.636959468531
0,272,2,-7.18238067627,-2.794206380844,1.294024586678,0.0,0.0,0.0,3.975073772283,4.135139332998
0,273,36,-6.426842212677,-0.605475008488,1.680201530457,0.0,0.0,0.0,16.135046145977,21.877934296757
0,274,2,-6.537428855896,-0.540282905102,1.888596653938,0.0,0.0,0.0,0.0,0.0
0,275,2,-6.57396364212,-2.091778039932,2.653281450272,0.0,0.0,0.0,5.142468458482,8.999618378467
0,276,10,-6.575128555298,-2.457053184509,1.887262940407,0.0,0.0,0.0,6.369039908794,7.654046659639
0,277,28,-6.57720041275,1.853208065033,2.512684345245,0.0,0.0,0.0,13.060332200901,18.913940877901
0,278,21,-7.440252780914,-2.777702331543,1.090400576591,0.0,0.0,0.0,1.096526474325,0.543790827262
0,279,2,-7.35559129715,-1.448189377785,1.213096380234,0.0,0.0,0.0,3.387199446822,5.786927216769
0,280,6,-6.87836933136,-1.648245215416,1.696836352348,0.0,0.0,0.0,2.603011324192,0.10911224583
0,281,0,-6.219621181488,2.531295061111,3.117302417755,0.0,0.0,0.0,3.690231357339,1.129688489584
0,282,1,-7.466797828674,-1.220299601555,1.060708761215,0.0,0.0,0.0,0.604524833521,0.760413840973
0,283,1,-7.183287143707,1.777736186981,1.336683392525,0.0,0.0,0.0,2.091570621544,3.497507472633
0,284,1,-6.697394371033,-2.488924503326,2.337557792664,0.0,0.0,0.0,11.47012476671,18.631856157954
0,285,2,-6.198808193207,3.040534973145,2.558566808701,0.0,0.0,0.0,3.814166871808,7.119614456689
0,286,5,-7.200064659119,2.074176549911,1.334850668907,0.0,0.0,0.0,0.0,0.0
0,287,2,-6.241331100464,-2.750741004944,3.622533798218,0.0,0.0,0.0,7.52445916679,12.8732450008
0,288,1,-7.282103061676,-1.896646499634,1.276631355286,0.0,0.0,0.0,1.124828565251,0.878507504863
0,289,1,-6.61937713623,-0.896146357059,2.489532709122,0.0,0.0,0.0,1.680776282766,0.05416419143
0,290,1,-7.447321414948,0.380231529474,1.09134888649,0.0,0.0,0.0,2.513310340573,2.011154415423
0,291,37,-5.154520511627,0.102134518325,4.357597827911,0.0,0.0,0.0,2.405497700433,4.309138227158
0,292,1,-7.29113483429,1.800434470177,1.202644228935,0.0,0.0,0.0,0.0,0.0
0,293,1,-7.474418640137,-1.963689804077,1.075620532036,0.0,0.0,0.0,4.483954949241,4.21814564131
0,294,5,-7.330864906311,-1.67894756794,1.207476019859,0.0,0.0,0.0,0.0,0.0
0,295,9,-7.29178571701,1.101159691811,1.242405772209,0.0,0.0,0.0,2.003828490688,2.477138856264
0,296,6,-7.51291847229,-0.098081715405,1.03694832325,0.0,0.0,0.0,0.841429576496,1.667631151114
0,297,1,-5.202331542969,3.070424795151,7.775120735168,0.0,0.0,0.0,0.0,0.0
0,298,0,-6.480447769165,-1.837653279305,2.901659727097,0.0,0.0,0.0,4.633173232949,4.781540345625
0,299,1,-5.909639358521,-3.068512678146,2.656399965286,0.0,0.0,0.0,0.811910286669,0.741588570798
0,300,39,-5.588248252869,1.913920044899,4.211086750031,0.0,0.0,0.0,8.497930396097,9.65591814912
0,301,2,-6.77662229538,-0.003357416485,1.986584544182,0.0,0.0,0.0,3.689783420741,5.614070150069
0,302,2,-5.958845615387,-1.196311831474,2.583457231522,0.0,0.0,0.0,0.0,0.0
0,303,6,-7.439561843872,2.624420404434,1.106925845146,0.0,0.0,0.0,6.214796229673,11.663673849018
0,304,2,-6.127383708954,-0.847590446472,3.919680595398,0.0,0.0,0.0,0.910474022229,0.215114719728
0,305,31,-6.938366413116,0.354275375605,1.469515681267,0.0,0.0,0.0,5.402813327304,7.205331594528
0,306,6,-7.272879123688,0.561451256275,1.299102067947,0.0,0.0,0.0,1.479806904222,2.766988377575
0,307,5,-7.214676856995,2.748119354248,1.394880414009,0.0,0.0,0.0,1.54076760439,1.542417316585
0,308,10,-7.296982288361,-0.082156084478,1.193545341492,0.0,0.0,0.0,3.431854404332,1.394374658871
0,309,1,-6.03416633606,1.338062644005,3.96702837944,0.0,0.0,0.0,3.473645593979,6.589188442296
0,310,39,-6.155375957489,0.667508721352,2.844865083694,0.0,0.0,0.0,6.418504295164,4.044944699723
0,311,7,-7.307495594025,1.15738940239,1.189564585686,0.0,0.0,0.0,1.573464340212,0.094855868787
0,312,1,-7.506541728973,2.271706819534,1.038569808006,0.0,0.0,0.0,0.0,0.0
0,313,32,-7.401556015015,1.728245735168,1.087194085121,0.0,0.0,0.0,8.856621014572,12.762255359083
0,314,41,-5.839993953705,1.306689381599,3.891038656235,0.0,0.0,0.0,3.448856619295,4.910400588665
0,315,1,-7.320685386658,3.040866374969,1.184440851212,0.0,0.0,0.0,3.408254250028,0.227934031714
0,316,20,-6.771483421326,2.265581130981,2.15219950676,0.0,0.0,0.0,10.387447545841,20.268860453504
0,317,1,-6.991143703461,-1.248404860497,1.71446788311,0.0,0.0,0.0,2.735149285272,0.397447647608
0,318,18,-6.952632904053,1.432740211487,1.805977702141,0.0,0.0,0.0,3.136908667206,2.309698215003
0,319,7,-7.261431694031,3.06245470047,1.218501806259,0.0,0.0,0.0,3.108225445783,2.342510404341
0,320,5,-7.424632549286,2.268281936646,1.123612165451,0.0,0.0,0.0,6.666002459167,6.637232134102
0,321,1,-7.380454540253,-1.779351472855,1.141782164574,0.0,0.0,0.0,3.214462885721,3.201757305769
0,322,7,-6.579412460327,-1.059859395027,2.489531517029,0.0,0.0,0.0,10.639982221416,6.585032287855
0,323,1,-6.118139743805,-1.912872672081,2.081079483032,0.0,0.0,0.0,0.0,0.0
0,324,3,-7.082765579224,1.673609375954,1.390743136406,0.0,0.0,0.0,2.848230185782,2.980537547613
0,325,2,-5.252503871918,3.077210664749,9.378998756409,0.0,0.0,0.0,26.033564574389,50.370493491821
0,326,1,-7.32194852829,-3.098026275635,1.235199213028,0.0,0.0,0.0,4.604372067224,8.750744494281
0,327,43,-6.043238639832,1.288074612617,2.665525913239,0.0,0.0,0.0,6.155018779806,3.936432209362
0,328,43,-7.126093387604,1.910922646523,1.388771295547,0.0,0.0,0.0,6.764176172805,7.03801905447
0,329,2,-7.389258861542,1.654688119888,1.121105313301,0.0,0.0,0.0,0.0,0.0
0,330,7,-7.242399692535,-1.471210002899,1.323838114738,0.0,0.0,0.0,1.454235477881,2.537561016238
0,331,25,-6.894225597382,-0.251916199923,1.806001901627,0.0,0.0,0.0,5.641112921257,1.03435745094
0,332,2,-6.967558383942,2.720036745071,1.658314108849,0.0,0.0,0.0,7.859202891951,6.43307823729
0,333,1,-6.965011119843,2.747858285904,1.709882616997,0.0,0.0,0.0,0.773369654837,0.354507014597
0,334,9,-7.088797569275,-1.825628757477,1.457615971565,0.0,0.0,0.0,6.537295317431,7.005786050015
0,335,24,-7.080749511719,0.967738747597,1.46656870842,0.0,0.0,0.0,7.521292451376,3.917585787582
0,336,31,-5.224197864532,-2.058289289474,8.803063392639,0.0,0.0,0.0,5.708929540813,7.962650714261
0,337,40,-6.057416439056,-0.979320049286,2.698850393295,0.0,0.0,0.0,9.615531740573,8.976270250404
0,338,2,-7.237724304199,-1.489204525948,1.320986390114,0.0,0.0,0.0,3.109432809822,4.796302860303
0,339,1,-7.468074798584,-0.688910245895,1.02312874794,0.0,0.0,0.0,6.86507189231,7.271827740061
0,340,36,-4.119559288025,1.272383451462,16.902652740479,0.0,0.0,0.0,6.29860212589,8.108682232519
0,341,6,-6.672369003296,-0.00707848696,2.2522585392,0.0,0.0,0.0,1.863563840109,3.301948178144
0,342,13,-6.728691101074,2.29017496109,2.267429828644,0.0,0.0,0.0,18.794322706924,16.624535859015
0,343,37,-6.426807880402,2.946624994278,2.873633623123,0.0,0.0,0.0,4.723690227912,4.777784637436
0,344,2,-7.092373371124,0.121105216444,1.468175411224,0.0,0.0,0.0,1.240452769907,1.939972929968
0,345,36,-6.351969718933,-0.337259173393,3.174363136292,0.0,0.0,0.0,34.384843567741,46.417979376116
0,346,2,-6.999339580536,2.37007188797,1.715632081032,0.0,0.0,0.0,1.481468889934,2.545921585295
0,347,9,-6.558087825775,-0.848727941513,2.099539041519,0.0,0.0,0.0,4.276405188953,5.736994313827
0,348,1,-6.807965278625,1.118540287018,1.800199747086,0.0,0.0,0.0,4.536213245835,1.701556668899
0,349,1,-7.545653343201,-2.489628076553,1.00231385231,0.0,0.0,0.0,1.264438161086,2.086529081833
0,350,7,-5.88435125351,-2.828774690628,4.109857559204,0.0,0.0,0.0,0.651341922598,0.520024527972
0,351,14,-7.16255903244,-1.999205708504,1.428293585777,0.0,0.0,0.0,1.024029336989,2.02396569046
0,352,1,-7.243012905121,-0.980894088745,1.287427902222,0.0,0.0,0.0,1.289003173343,1.571629743971
0,353,47,-5.469634056091,-1.607383012772,6.416341781616,0.0,0.0,0.0,12.802310607354,23.267439500335
0,354,1,-6.376187324524,-0.186365157366,3.229138851166,0.0,0.0,0.0,4.375409630334,8.027575574149
0,355,1,-7.433683872223,0.450180381536,1.094126105309,0.0,0.0,0.0,1.869011484916,1.143657229925
0,356,31,-6.875274181366,0.352984845638,1.922919392586,0.0,0.0,0.0,5.443722149996,3.510373939588
0,357,21,-6.318756103516,2.336545467377,3.255226135254,0.0,0.0,0.0,6.897224978087,11.06786839726
0,358,2,-6.844789505005,2.77889585495,1.981577992439,0.0,0.0,0.0,3.872493914369,6.357029096464
0,359,9,-7.401187896729,-2.838589668274,1.155588030815,0.0,0.0,0.0,7.639712559378,8.637363417588
0,360,1,-7.395709037781,-2.255333662033,1.138846635818,0.0,0.0,0.0,0.696610595334,1.327592018572
0,361,1,-7.001039505005,2.43638586998,1.568803191185,0.0,0.0,0.0,1.116532860312,1.889056935224
0,362,54,-6.646978855133,-1.996872186661,2.456273078918,0.0,0.0,0.0,8.003251127414,10.14328982297
0,363,7,-6.213661193848,2.959307670593,3.668476819992,0.0,0.0,0.0,0.0,0.0
0,364,1,-7.543303966522,-1.162479400635,1.003337025642,0.0,0.0,0.0,1.231731901477,2.332647598491
0,365,10,-7.160846710205,-2.05507516861,1.432663798332,0.0,0.0,0.0,5.158160810071,4.782379474557
0,366,2,-7.386180877686,-0.344918161631,1.157549977303,0.0,0.0,0.0,0.0,0.0
0,367,1,-6.815137863159,0.074888937175,2.043150424957,0.0,0.0,0.0,2.56022895174,5.062719680415
0,368,24,-5.893393516541,-0.764728188515,4.89524936676,0.0,0.0,0.0,5.756915512122,5.730728837698
0,368,37,-1.306792497635,0.769493758678,0.316999584436,0.019353924319,0.003224192187,-0.160446405411,5.756915512122,5.730728837698
0,369,4,-6.152215957642,-2.607523679733,3.001014947891,0.0,0.0,0.0,3.346014819764,3.971183530158
0,370,2,-7.255752086639,0.405517935753,1.334250330925,0.0,0.0,0.0,7.531015587362,14.585592019802
0,371,12,-5.537982940674,-0.979400515556,4.781537055969,0.0,0.0,0.0,2.361727883676,4.305277688903
0,372,27,-7.33030128479,-1.456928730011,1.213885545731,0.0,0.0,0.0,1.812962042897,0.92135906016
0,373,18,-5.08810377121,0.588653147221,11.444153785706,0.0,0.0,0.0,14.733850152665,27.542896289969
0,374,33,-6.941219806671,2.620620727539,1.764747858047,0.0,0.0,0.0,6.162887441788,4.412058621236
0,375,3,-6.033510684967,-2.82289981842,4.451187610626,0.0,0.0,0.0,5.826652647136,11.003479901485
0,376,2,-6.774807929993,2.912572383881,2.119008779526,0.0,0.0,0.0,2.861478762293,2.044939224722
0,377,8,-6.26411151886,-2.674248218536,3.606908082962,0.0,0.0,0.0,16.79833710986,22.222956642424
0,378,0,-7.481440067291,2.609025478363,1.047998666763,0.0,0.0,0.0,9.637220102558,18.858618974368
0,379,1,-6.835694789886,-0.015261298977,2.017955541611,0.0,0.0,0.0,10.691010661348,13.305873372763
0,380,16,-5.56792974472,1.083382725716,5.119918346405,0.0,0.0,0.0,5.045504043246,3.28708147411
0,381,1,-6.792051792145,0.196806162596,2.114860534668,0.0,0.0,0.0,3.560290415515,3.025133384104
0,382,5,-6.916131496429,0.821434378624,1.88476061821,0.0,0.0,0.0,5.499025334645,10.526375200154
0,383,8,-7.284986495972,2.517892122269,1.258820772171,0.0,0.0,0.0,8.166361721197,14.53932849118
0,384,2,-6.263255596161,-1.486769080162,3.514406442642,0.0,0.0,0.0,5.047052761317,2.24852100277
0,385,6,-7.310408592224,1.185500144958,1.232434153557,0.0,0.0,0.0,4.61784336002,4.502930841293
0,386,8,-6.810461044312,0.826633870602,1.927636384964,0.0,0.0,0.0,0.0,0.0
0,387,2,-6.365035057068,1.93247628212,3.058924436569,0.0,0.0,0.0,3.651620312421,2.904464512616
0,388,1,-6.293739795685,-2.796827554703,2.668712377548,0.0,0.0,0.0,3.829301858425,3.712563465584
0,389,18,-6.5326628685,-3.079810619354,2.764044761658,0.0,0.0,0.0,1.143484671622,1.094671426309
0,390,5,-7.05534696579,-2.688612937927,1.465436697006,0.0,0.0,0.0,3.679932516097,1.71766571794
0,391,1,-7.197440624237,1.812735557556,1.290516018867,0.0,0.0,0.0,0.0,0.0
0,392,2,-7.399158000946,-0.428445637226,1.157558917999,0.0,0.0,0.0,8.600793027211,16.068514471511
0,393,1,-6.538205623627,1.458502650261,2.476792097092,0.0,0.0,0.0,1.353916469258,0.02919833041
0,394,1,-7.106317996979,-1.643786430359,1.435467243195,0.0,0.0,0.0,2.750899074822,3.706059188535
0,395,2,-7.101180076599,-3.042321205139,1.545952677727,0.0,0.0,0.0,4.726154383877,8.866674108769
0,396,13,-6.850279331207,1.571404695511,1.943591594696,0.0,0.0,0.0,16.242908965509,24.284188025268
0,397,1,-6.981538772583,-3.047063350677,1.501793146133,0.0,0.0,0.0,3.172178962094,2.461118953248
0,398,11,-7.298768520355,2.79953789711,1.268648743629,0.0,0.0,0.0,1.441084365289,0.427166945926
0,399,25,-6.147040843964,-2.754905939102,2.497015953064,0.0,0.0,0.0,6.855104780534,12.10929159663
0,400,2,-7.401055812836,-0.514919221401,1.129939198494,0.0,0.0,0.0,4.831164151698,0.774075597101
0,401,2,-7.425702095032,-1.695103645325,1.131736397743,0.0,0.0,0.0,4.294682689968,6.415300150892
0,402,2,-6.91951084137,1.482269763947,1.808761715889,0.0,0.0,0.0,1.338365104003,2.654399679145
0,403,1,-7.092323303223,0.472505658865,1.377812862396,0.0,0.0,0.0,1.132412748461,0.531270040618
0,404,1,-7.236727714539,1.951139450073,1.359052062035,0.0,0.0,0.0,1.237654986978,2.006950527071
0,405,1,-6.229800224304,0.468167036772,3.398037910461,0.0,0.0,0.0,3.433496645671,4.015441262933
0,406,6,-7.187702178955,-0.249205678701,1.349549293518,0.0,0.0,0.0,1.658213920404,2.093796407462
0,407,13,-5.78933429718,-0.906379699707,5.415914535522,0.0,0.0,0.0,1.624057606667,1.75006520943
0,408,33,-7.060067653656,-0.678446888924,1.625504493713,0.0,0.0,0.0,7.713008104955,10.484663432591
0,409,6,-7.206180095673,-0.992371737957,1.312639832497,0.0,0.0,0.0,1.286338001792,1.898790331688
0,410,39,-5.597340583801,-2.883068561554,5.40105009079,0.0,0.0,0.0,3.243698019715,1.289027381717
0,411,5,-7.3678855896,1.281155467033,1.190257072449,0.0,0.0,0.0,2.56500806732,4.774159236345
0,412,26,-6.878127098083,1.544329285622,1.711918830872,0.0,0.0,0.0,5.387301290226,9.116410448588
0,413,2,-7.067197799683,-2.777342796326,1.604838252068,0.0,0.0,0.0,1.081409818657,0.216861766651
0,414,7,-6.964447975159,2.895793914795,1.699128627777,0.0,0.0,0.0,2.866545396005,0.771573000327
0,415,19,-6.668490409851,2.300380706787,2.345933437347,0.0,0.0,0.0,17.067511786006,23.061916879228
0,416,2,-6.802055835724,0.590688169003,1.888310670853,0.0,0.0,0.0,0.0,0.0
0,417,22,-6.79339838028,-1.152724266052,1.909754037857,0.0,0.0,0.0,6.091631917151,7.602402745722
0,418,8,-6.962112903595,0.132797092199,1.79753780365,0.0,0.0,0.0,6.873629607469,13.179502792231
0,419,42,-6.105924129486,-3.124977827072,3.769908905029,0.0,0.0,0.0,80.35291524429,151.297524076805
0,420,53,-5.104455471039,1.400469303131,10.090890884399,0.0,0.0,0.0,22.025742454782,24.783738089162
0,421,2,-7.392705440521,1.593380093575,1.144069552422,0.0,0.0,0.0,1.99508955774,0.333077446121
0,422,1,-6.198138237,2.667137145996,2.229596614838,0.0,0.0,0.0,6.489193130307,11.779656144544
0,423,36,-6.265249252319,-1.483863949776,3.554089546204,0.0,0.0,0.0,3.657819009908,6.528372808323
0,424,1,-5.699836730957,-2.456938505173,3.607995986938,0.0,0.0,0.0,2.891241038147,3.202737636924
0,425,5,-7.092147827148,-0.067054711282,1.578073501587,0.0,0.0,0.0,5.764596800015,9.816464569637
0,426,2,-6.919067382812,-0.98557138443,1.622867941856,0.0,0.0,0.0,2.55919053683,1.245007757991
0,427,8,-6.94363117218,1.789294242859,1.785582065582,0.0,0.0,0.0,1.384518123676,0.062834647402
0,428,1,-7.511075019836,-2.001196622849,1.007671713829,0.0,0.0,0.0,1.816009456668,0.111259762836
0,429,2,-7.09881067276,-3.093003988266,1.509005188942,0.0,0.0,0.0,7.897446938528,14.288755527913
0,430,3,-7.072318553925,-2.522751808167,1.553897976875,0.0,0.0,0.0,2.652366988411,5.100652241482
0,431,5,-7.492541313171,-2.457309961319,1.022939443588,0.0,0.0,0.0,0.648139628283,0.908754381415
0,432,1,-7.404566764832,-3.084228515625,1.07859826088,0.0,0.0,0.0,1.242550282977,0.51619397582
0,433,2,-6.985823631287,2.799801111221,1.754780650139,0.0,0.0,0.0,3.069454548579,3.630005578059
0,434,2,-7.481636047363,1.342672109604,1.068746089935,0.0,0.0,0.0,8.032483162539,15.482808721814
0,435,1,-7.325912952423,1.026795744896,1.14487183094,0.0,0.0,0.0,0.942501093391,0.053158193841
0,436,26,-5.881750106812,0.592741012573,5.225287437439,0.0,0.0,0.0,14.498381632925,19.580850354016
0,437,1,-7.266360759735,-1.807634830475,1.225068569183,0.0,0.0,0.0,6.490819473028,7.554698754513
0,438,5,-7.347588539124,1.087092757225,1.219465374947,0.0,0.0,0.0,0.0,0.0
0,439,5,-6.159670352936,1.817275285721,3.794566392899,0.0,0.0,0.0,1.106410552991,0.793345462323
0,440,1,-7.548091411591,1.702871322632,0.999116957188,0.0,0.0,0.0,6.502399730462,6.575547206027
0,441,26,-5.012501239777,2.37348651886,10.886561393738,0.0,0.0,0.0,16.32831419722,30.018694325874
0,442,1,-7.266149044037,-2.685684680939,1.300017595291,0.0,0.0,0.0,1.571686065471,1.390559969731
0,443,34,-6.429984092712,2.323243618011,2.884744644165,0.0,0.0,0.0,0.0,0.0
0,444,1,-7.451647758484,1.719705700874,1.047008514404,0.0,0.0,0.0,3.841621861164,5.444488847489
0,445,2,-6.629330158234,1.458414196968,2.076864719391,0.0,0.0,0.0,4.626018050939,7.770823639027
0,446,26,-5.71321439743,-0.917180299759,4.801703929901,0.0,0.0,0.0,1.17788251104,2.176272924107
0,447,1,-7.34241437912,0.925848782063,1.219731450081,0.0,0.0,0.0,8.334560355699,11.026200781435
0,448,58,-6.001049995422,2.357664823532,1.796767950058,0.0,0.0,0.0,6.231967353733,9.036353855305
0,449,5,-6.21463060379,0.055383749306,3.77650642395,0.0,0.0,0.0,13.502234943515,20.560987826496
0,450,21,-7.212842941284,-0.527295649052,1.345258593559,0.0,0.0,0.0,2.90389044266,3.544392934801
0,451,55,-7.00421333313,-2.137004375458,1.484495520592,0.0,0.0,0.0,3.631683612748,1.42020351392
0,452,24,-6.044589996338,1.975412011147,3.871617078781,0.0,0.0,0.0,6.326696954325,4.288219062913
0,453,1,-6.539747238159,0.996072173119,2.145621538162,0.0,0.0,0.0,0.322529351893,0.494024205262
0,454,38,-6.603648662567,0.224978804588,1.582701325417,0.0,0.0,0.0,8.190170787286,8.040658703073
0,455,1,-7.035562992096,-1.827769637108,1.548305988312,0.0,0.0,0.0,4.114357463232,2.323500969452
0,456,6,-6.866454124451,1.538419246674,1.956295847893,0.0,0.0,0.0,2.057760847377,1.700357324161
0,457,8,-7.431282520294,-3.113949298859,1.105209946632,0.0,0.0,0.0,1.895260707937,0.388542852352
0,458,1,-6.706412315369,1.305312275887,2.240500450134,0.0,0.0,0.0,2.929923839294,0.301497764142
0,459,24,-6.371336936951,-2.288286209106,2.166120529175,0.0,0.0,0.0,2.61390008785,2.071999869812
0,460,1,-6.748008728027,0.498690485954,2.152117967606,0.0,0.0,0.0,1.987100966427,0.467648590231
0,461,48,-5.272658348083,-0.253111749887,5.605076313019,0.0,0.0,0.0,9.66755598299,9.438251920198
0,462,39,-1.487787365913,-0.044556893408,0.689428150654,-0.000249590346,-0.002203259151,-0.065102107823,10.257432531391,10.809009494024
0,462,42,-6.843021869659,1.562561750412,1.997854471207,0.0,0.0,0.0,10.257432531391,10.809009494024
0,463,8,-6.162945270538,-0.654985845089,3.687132835388,0.0,0.0,0.0,0.0,0.0
0,464,2,-7.219051837921,-1.970486998558,1.314648747444,0.0,0.0,0.0,4.822879314042,4.017171889405
0,465,1,-6.413366794586,-1.672216534615,2.322278261185,0.0,0.0,0.0,7.340141569256,7.959725015308
0,466,1,-7.198011875153,2.708108901978,1.40024292469,0.0,0.0,0.0,2.137669184292,4.232708654139
0,467,1,-5.545652866364,-2.022421598434,7.256930828094,0.0,0.0,0.0,24.525678597,42.637375647352
0,468,2,-7.301413059235,-0.112223394215,1.23640859127,0.0,0.0,0.0,4.284784544338,4.821811555362
0,469,1,-7.188200473785,-2.049457073212,1.39209318161,0.0,0.0,0.0,0.0,0.0
0,470,2,-7.307529449463,2.832497358322,1.180095076561,0.0,0.0,0.0,8.796611436137,13.309429332678
0,471,1,-7.045592784882,-2.895750522614,1.529301524162,0.0,0.0,0.0,0.0,0.0
0,472,1,-6.594508171082,1.392759919167,2.535015821457,0.0,0.0,0.0,8.432584665256,9.874768872698
0,473,60,-6.210483551025,1.586095690727,2.803941965103,0.0,0.0,0.0,4.552911953485,5.058863809634
0,474,10,-7.500192165375,2.30123925209,0.999747872353,0.0,0.0,0.0,2.413008757348,3.126251065547
0,475,1,-6.218256950378,-2.456006765366,3.200906276703,0.0,0.0,0.0,11.353816094573,7.557459365268
0,476,12,-7.184417247772,0.267710983753,1.3666421175,0.0,0.0,0.0,4.089381952785,5.657755658789
0,477,2,-7.314408302307,2.589501857758,1.250494480133,0.0,0.0,0.0,6.244340816504,11.935183715101
0,478,1,-7.478568077087,-2.706374406815,1.058396577835,0.0,0.0,0.0,3.833465678941,3.882877832601
0,479,1,-7.330502033234,-2.22677230835,1.242583155632,0.0,0.0,0.0,3.4941382529,6.483428107699
0,480,1,-7.426659584045,1.241072893143,1.114087104797,0.0,0.0,0.0,1.438435212254,0.198575519537
0,481,27,-6.549988269806,-0.103065878153,2.287671804428,0.0,0.0,0.0,32.957543120949,59.920809674257
0,482,22,-4.654250144958,1.610781669617,15.353165626526,0.0,0.0,0.0,13.455076892165,22.335968661511
0,483,2,-7.366822242737,2.789083480835,1.196936011314,0.0,0.0,0.0,1.878476871289,2.657727270664
0,484,31,-6.84331703186,1.410756111145,1.882105350494,0.0,0.0,0.0,7.08707949938,7.376468684382
0,485,2,-7.186328411102,-0.629133939743,1.403346538544,0.0,0.0,0.0,3.51246480847,2.706545096313
0,486,1,-6.289444446564,2.855013608932,3.342152833939,0.0,0.0,0.0,1.331389195979,2.627599501259
0,487,2,-6.731678009033,2.961315393448,1.936791777611,0.0,0.0,0.0,5.032870342484,5.459607782455
0,488,31,-6.827081680298,2.822368860245,1.73823261261,0.0,0.0,0.0,4.891178213053,1.614178543779
0,489,6,-6.860631465912,0.635654807091,1.988675355911,0.0,0.0,0.0,8.182581895628,13.699247714207
0,490,1,-7.358145713806,0.042012169957,1.201458334923,0.0,0.0,0.0,6.245473931474,7.815069987359
0,491,41,-5.762046337128,-0.110642693937,5.622088432312,0.0,0.0,0.0,16.453013760627,16.765081747347
0,492,25,-6.632511138916,3.031342983246,2.398716449738,0.0,0.0,0.0,4.709473306418,6.96910679229
0,493,2,-7.270870685577,-1.787973403931,1.211742520332,0.0,0.0,0.0,0.0,0.0
0,494,1,-7.240570068359,-0.056344300508,1.31950378418,0.0,0.0,0.0,2.405996718114,3.460287670244
0,495,5,-6.878602981567,1.122101068497,1.708059549332,0.0,0.0,0.0,4.149434599891,7.7693588354
0,496,30,-6.722566604614,-2.629308700562,2.166563272476,0.0,0.0,0.0,9.313995723375,7.270783944277
0,497,4,-6.939071178436,1.850123882294,1.803619265556,0.0,0.0,0.0,0.0,0.0
0,498,1,-6.057387828827,-1.736179113388,4.23996925354,0.0,0.0,0.0,1.246532435122,2.12159873241
0,499,2,-7.381724357605,-0.827718198299,1.177371263504,0.0,0.0,0.0,0.0,0.0
0,500,2,-7.248112201691,-2.432829856873,1.33513712883,0.0,0.0,0.0,0.89480788757,0.025373584189
0,501,1,-7.009775161743,-1.626493692398,1.708434581757,0.0,0.0,0.0,3.375948856832,4.058175892718
0,502,2,-6.934130191803,2.06246471405,1.79968047142,0.0,0.0,0.0,4.383725694012,6.055125157511
0,503,1,-7.170660495758,0.13025778532,1.334432005882,0.0,0.0,0.0,2.273848187157,0.23351619144
0,504,25,-4.76674413681,-2.340049743652,12.867565155029,0.0,0.0,0.0,9.525890393795,16.506679921517
0,505,2,-6.155529499054,2.359809875488,3.692979812622,0.0,0.0,0.0,2.923363220734,2.414633698441
0,506,22,-6.494817733765,-0.552983880043,2.866574525833,0.0,0.0,0.0,7.429868225027,12.757970134601
0,507,27,-6.413116931915,0.34115588665,2.468990802765,0.0,0.0,0.0,5.446581228165,5.845265963544
0,508,17,-6.630261898041,1.259545207024,2.502406835556,0.0,0.0,0.0,2.729511415451,5.256891325703
0,509,2,-7.351855278015,-3.019174814224,1.138921380043,0.0,0.0,0.0,2.309197555772,0.130366544312
0,510,26,-7.524605751038,2.930519104004,1.016122341156,0.0,0.0,0.0,10.272602233595,16.232252984984
0,511,2,-7.150442123413,-2.110316991806,1.424697041512,0.0,0.0,0.0,4.626251958574,0.72754564483
0,512,15,-7.388199329376,-2.809992790222,1.175304412842,0.0,0.0,0.0,8.973642685686,15.780313728854
0,513,36,-7.11639213562,-1.409217596054,1.405059576035,0.0,0.0,0.0,6.853844777353,4.835458195778
0,514,7,-6.007675647736,2.288405656815,3.425945997238,0.0,0.0,0.0,0.6805372572,0.252226599884
0,515,1,-6.839958190918,1.173598647118,1.975167274475,0.0,0.0,0.0,7.619811976468,5.054967561832
0,516,2,-7.266531467438,2.087657690048,1.322585105896,0.0,0.0,0.0,5.187405824044,5.315743000657
0,517,1,-7.426866054535,-0.769667267799,1.093655109406,0.0,0.0,0.0,3.29189957787,4.65967647059
0,518,2,-7.474410533905,-2.667544603348,1.072831273079,0.0,0.0,0.0,4.289044212535,6.028116116301
0,519,1,-6.16099023819,-2.944162368774,3.622964143753,0.0,0.0,0.0,2.275410357645,4.100045047989
0,520,1,-6.983617305756,3.08563041687,1.755153179169,0.0,0.0,0.0,0.0,0.0
0,521,2,-7.464419364929,-1.824903011322,1.068491697311,0.0,0.0,0.0,8.518654417407,4.470631000191
0,522,6,-7.172367095947,-0.948219001293,1.416256427765,0.0,0.0,0.0,3.619159342952,2.300714845958
0,523,5,-7.135140419006,-1.836040735245,1.512378692627,0.0,0.0,0.0,6.932184081159,13.576346883755
0,524,2,-7.319046497345,1.936271071434,1.209918260574,0.0,0.0,0.0,7.830428522227,7.845023182069
0,525,8,-7.064498901367,0.95853126049,1.526961445808,0.0,0.0,0.0,3.576531173848,5.845835347001
0,526,2,-7.026614665985,-0.09108415246,1.630425691605,0.0,0.0,0.0,1.422917930601,0.401604577712
0,527,79,-5.467137813568,0.846709787846,3.105173110962,0.0,0.0,0.0,7.181753001651,5.768678084152
0,528,2,-6.120284557343,-1.218657016754,3.812826871872,0.0,0.0,0.0,0.7455060925,0.520920666235
0,529,23,-6.08709192276,-2.548077106476,4.006727218628,0.0,0.0,0.0,2.168316418408,1.938746128261
0,530,1,-6.787124633789,2.91139960289,1.671359658241,0.0,0.0,0.0,4.325875977282,4.628316615325
0,531,31,-6.186838150024,-0.054683126509,3.842506885529,0.0,0.0,0.0,10.911410291724,17.251236341563
0,532,26,-7.430427074432,-0.51153498888,1.078613877296,0.0,0.0,0.0,6.218380577856,9.366386715312
0,533,27,-6.548715591431,2.847474575043,2.229034423828,0.0,0.0,0.0,4.180759459216,4.239834761298
0,534,21,-5.529915809631,-2.81316447258,6.770039081573,0.0,0.0,0.0,8.885730449728,6.896437184064
0,535,1,-7.434729099274,-0.874562978745,1.11735868454,0.0,0.0,0.0,8.280307275847,13.560858394418
0,536,12,-6.688164710999,-0.697088956833,1.839827299118,0.0,0.0,0.0,2.824242967112,4.959460716623
0,537,1,-7.43940114975,-2.165007352829,1.089552521706,0.0,0.0,0.0,1.356577320038,2.284353219085
0,538,2,-7.337089061737,0.364191353321,1.160322904587,0.0,0.0,0.0,2.285300414154,3.108921488927
0,539,31,-5.71720790863,2.45227265358,3.988003015518,0.0,0.0,0.0,11.306195363083,17.207061348632
0,540,1,-5.386135578156,1.149824500084,6.575960159302,0.0,0.0,0.0,1.347814859774,2.110199615568
0,541,7,-7.470042228699,-3.081044912338,1.066450238228,0.0,0.0,0.0,1.144538101364,1.78035816819
0,542,1,-6.506274700165,0.780717551708,2.564410924911,0.0,0.0,0.0,11.336422326328,9.845600861032
0,543,2,-7.180787563324,2.511376619339,1.432915568352,0.0,0.0,0.0,4.709273752538,9.035343676021
0,544,48,-7.275311470032,0.846820235252,1.225800514221,0.0,0.0,0.0,3.420139370388,1.921602733775
0,545,2,-6.77300786972,0.860072791576,2.168761014938,0.0,0.0,0.0,3.950854828161,5.397488783516
0,546,52,-7.184720516205,0.712922096252,1.43677341938,0.0,0.0,0.0,8.980481898776,8.623399651666
0,547,8,-7.283158779144,0.439134031534,1.239652752876,0.0,0.0,0.0,0.0,0.0
0,548,1,-7.135374069214,1.81388926506,1.452868103981,0.0,0.0,0.0,0.785614368265,1.492355316376
0,549,1,-6.267127990723,2.590174913406,3.048668384552,0.0,0.0,0.0,5.710987084463,3.600720492676
0,550,2,-7.047795772552,-0.520696997643,1.569618701935,0.0,0.0,0.0,2.607827598756,4.194867196497
0,551,1,-6.949592113495,1.865804433823,1.814561605453,0.0,0.0,0.0,9.436277990827,18.526297924434
0,552,2,-7.494128227234,1.624496936798,1.010531306267,0.0,0.0,0.0,6.508981553675,6.40305844335
0,553,2,-7.476583480835,-0.718965888023,1.036310195923,0.0,0.0,0.0,1.19430646734,0.032638941217
0,554,1,-6.703979492188,-1.238248705864,2.259658813477,0.0,0.0,0.0,2.640027748613,4.020158708632
0,555,2,-7.463431835175,2.833867311478,1.031262874603,0.0,0.0,0.0,6.289122536035,10.321866090224
0,556,9,-6.527619361877,-2.498376846313,1.943209052086,0.0,0.0,0.0,0.223543863566,0.040598375867
0,557,7,-7.299278736115,0.968188166618,1.266021251678,0.0,0.0,0.0,1.231257823633,0.568343533394
0,558,5,-7.386781692505,2.186934232712,1.087019562721,0.0,0.0,0.0,0.364763727758,0.722188927675
0,559,1,-7.007125854492,-0.158814132214,1.550069451332,0.0,0.0,0.0,1.551589625669,2.138556321265
0,560,1,-7.307956695557,1.931513905525,1.239514350891,0.0,0.0,0.0,1.139536628355,2.144565214843
0,561,64,-5.459621906281,-1.66728413105,7.070618152618,0.0,0.0,0.0,23.880041052505,41.1867495504
0,562,34,-7.046039104462,-1.807079672813,1.48725938797,0.0,0.0,0.0,2.608131103111,4.108058438658
0,563,1,-7.223453998566,-0.471025913954,1.344428777695,0.0,0.0,0.0,7.954169024161,6.255212681655
0,564,9,-6.940349578857,1.991825580597,1.786159396172,0.0,0.0,0.0,1.63499519429,1.330825115758
0,565,2,-7.412614822388,-1.307671666145,1.11712884903,0.0,0.0,0.0,0.0,0.0
0,566,5,-7.508944511414,-0.182284206152,1.02007651329,0.0,0.0,0.0,0.0,0.0
0,567,2,-6.983053207397,1.349481344223,1.733411669731,0.0,0.0,0.0,1.736014373522,2.608805921043
0,568,50,-6.321661949158,-1.532706022263,2.971816778183,0.0,0.0,0.0,8.953074635878,6.604887575733
0,569,47,-6.034604549408,1.993395209312,2.373943328857,0.0,0.0,0.0,11.400098333637,14.483019485062
0,570,4,-6.803308010101,-2.835745573044,1.955663084984,0.0,0.0,0.0,2.761628856682,2.239864740792
0,571,29,-5.878385066986,-2.454299211502,4.705995082855,0.0,0.0,0.0,2.031883337645,3.475802984838
0,572,64,-5.970189094543,-0.712358474731,3.89750957489,0.0,0.0,0.0,20.461185991452,20.526598263174
0,573,2,-6.011527061462,2.611888647079,4.510332107544,0.0,0.0,0.0,2.037593715332,1.958332336305
0,574,10,-5.730927467346,2.267500638962,5.740839004517,0.0,0.0,0.0,3.310387261307,0.304774666087
0,575,2,-7.530817508698,-0.223782882094,1.017310500145,0.0,0.0,0.0,1.32563982795,0.710758512383
0,576,8,-7.51682806015,1.210677266121,1.014434337616,0.0,0.0,0.0,2.001786271507,2.368521676968
0,577,19,-6.974479198456,-2.010080575943,1.73729288578,0.0,0.0,0.0,4.519882608272,4.646264852411
0,578,1,-6.373116493225,-1.484262824059,3.207823514938,0.0,0.0,0.0,5.095542774437,5.915630385364
0,579,1,-7.422400951385,2.733037233353,1.135150432587,0.0,0.0,0.0,3.387170574999,6.454874681873
0,580,31,-6.213712692261,3.126481533051,3.69212603569,0.0,0.0,0.0,10.139641151223,8.949725002378
0,581,6,-7.400656223297,1.971315026283,1.116496562958,0.0,0.0,0.0,1.150783179777,1.783872523698
0,582,5,-7.424928665161,-3.051710128784,1.124238610268,0.0,0.0,0.0,2.072930536292,3.324911882033
0,583,6,-5.157614707947,-0.714757978916,3.888460636139,0.0,0.0,0.0,3.792800506855,4.041344667044
0,584,2,-7.504021167755,-0.875060796738,1.04555606842,0.0,0.0,0.0,5.334989987401,7.819565058654
0,585,1,-7.406148433685,-2.592970848083,1.093224048615,0.0,0.0,0.0,0.455461560472,0.100629341073
0,586,24,-6.136679172516,-2.113295316696,4.05205488205,0.0,0.0,0.0,8.714449673653,12.937527314786
0,587,1,-7.301529884338,-2.634040117264,1.238368034363,0.0,0.0,0.0,2.589711269807,0.291655134368
0,588,2,-7.134150505066,-1.653017878532,1.382277846336,0.0,0.0,0.0,1.064715969899,0.237747148305
0,589,19,-6.93665599823,3.141170978546,1.835291028023,0.0,0.0,0.0,9.094316478864,7.053912148574
0,590,1,-7.230088233948,1.085398793221,1.347767114639,0.0,0.0,0.0,1.416714257683,0.392688962679
0,591,1,-7.131485939026,-0.031116781756,1.428872227669,0.0,0.0,0.0,3.495819282397,6.303293471397
0,592,2,-7.440686225891,-0.460577756166,1.09416437149,0.0,0.0,0.0,0.763506071498,0.023544666776
0,593,1,-6.837556362152,2.808578014374,1.748791217804,0.0,0.0,0.0,1.788718358398,3.464007004517
0,594,1,-6.241276741028,-1.830210447311,3.508328676224,0.0,0.0,0.0,4.082378533341,2.786198620267
0,595,2,-7.505058765411,-2.235970020294,1.040766835213,0.0,0.0,0.0,9.774811659328,12.848217270345
0,596,5,-7.204300880432,-0.145451292396,1.393038034439,0.0,0.0,0.0,2.052743299817,3.825579391143
0,597,1,-7.145222663879,-2.367732524872,1.352746009827,0.0,0.0,0.0,1.490180413023,0.09127510218
0,598,27,-6.332668781281,-1.19190132618,2.996786832809,0.0,0.0,0.0,11.544147312703,7.347116492983
0,599,2,-6.319140434265,0.735037088394,2.444602966309,0.0,0.0,0.0,2.082793727718,0.072910340361
0,600,1,-7.343402385712,-2.737605810165,1.205644965172,0.0,0.0,0.0,3.510211845163,3.288354616881
0,601,37,-5.755113601685,2.197804450989,3.781641721725,0.0,0.0,0.0,4.932463352856,5.628755275595
0,602,4,-6.653583049774,-2.974348545074,2.337417840958,0.0,0.0,0.0,3.077083310065,3.222568173799
0,603,5,-7.420107841492,-0.317703306675,1.132563829422,0.0,0.0,0.0,8.218081892606,10.768289014167
0,604,38,-7.14647102356,-2.463144779205,1.481402039528,0.0,0.0,0.0,10.08465331945,17.964373717382
0,605,5,-7.196269989014,2.930777788162,1.348045945168,0.0,0.0,0.0,0.0,0.0
0,606,33,-7.054518699646,2.11848449707,1.448701262474,0.0,0.0,0.0,5.348924335767,0.947638912318
0,607,59,-6.674232959747,-0.844012200832,1.768727779388,0.0,0.0,0.0,15.486558428314,9.38673072981
0,608,7,-6.591042995453,-1.843053102493,2.306542396545,0.0,0.0,0.0,2.387793940517,4.091324710585
0,609,1,-7.181613922119,1.801738500595,1.379975199699,0.0,0.0,0.0,0.698143093363,0.013669386774
0,610,10,-6.003824234009,-0.073552779853,4.095033168793,0.0,0.0,0.0,4.965171336297,1.683692234353
0,611,66,-6.806051254272,0.925473093987,1.774633049965,0.0,0.0,0.0,8.209955762434,7.295766284926
0,612,1,-7.301822185516,0.178803041577,1.27402806282,0.0,0.0,0.0,2.925521665698,5.649836005269
0,613,50,-6.758013248444,-0.807043373585,2.106075763702,0.0,0.0,0.0,42.628408096011,53.914767918218
0,614,34,-7.43691110611,-2.664150714874,1.116107225418,0.0,0.0,0.0,15.660390445223,16.843191342719
0,615,36,-7.011420249939,1.211338043213,1.648624181747,0.0,0.0,0.0,8.044458776751,6.068732554972
0,616,2,-7.104333400726,2.633643865585,1.549420595169,0.0,0.0,0.0,5.135397284823,8.210069580101
0,617,36,-5.768251895905,2.593373298645,4.475464344025,0.0,0.0,0.0,2.260501974521,1.95704567493
0,618,25,-6.157898426056,0.065967768431,2.201288938522,0.0,0.0,0.0,7.768039817168,4.372305612534
0,619,2,-7.309970378876,-0.125092819333,1.22595512867,0.0,0.0,0.0,2.537586848586,3.81904019801
0,620,20,-6.534931182861,0.420144617558,2.380595684052,0.0,0.0,0.0,6.286365704853,6.843497077453
0,621,21,-6.268107414246,-2.999627113342,3.552484035492,0.0,0.0,0.0,10.177643570101,18.054854294995
0,622,46,-6.227966785431,2.386651515961,2.121869087219,0.0,0.0,0.0,6.929007631103,3.73474262064
0,623,2,-7.465618610382,1.596091985703,1.021255731583,0.0,0.0,0.0,0.0,0.0
0,624,5,-7.456320285797,-1.715792179108,1.076346516609,0.0,0.0,0.0,4.42572192195,2.182549450043
0,625,1,-7.020206928253,0.442920923233,1.635237455368,0.0,0.0,0.0,1.399370013245,1.069108793387
0,626,1,-5.980995178223,1.411185264587,4.439668178558,0.0,0.0,0.0,9.996653628395,6.590704437511
0,627,20,-5.250339508057,3.109430074692,6.921715259552,0.0,0.0,0.0,9.373264731099,9.266758759331
0,628,43,-6.284551620483,-1.598832964897,2.628802061081,0.0,0.0,0.0,9.91621074533,9.734402152295
0,629,1,-6.138400554657,0.029547309503,3.254832983017,0.0,0.0,0.0,2.056585505438,0.821452406855
0,630,9,-6.924026012421,0.514876782894,1.77972984314,0.0,0.0,0.0,3.287412350254,1.700368428821
0,631,1,-7.529126167297,-2.584215402603,1.016421318054,0.0,0.0,0.0,5.268037661839,7.981756209358
0,632,1,-7.468393325806,-2.593502283096,1.025823354721,0.0,0.0,0.0,1.977536814559,0.033521037324
0,633,8,-7.187376022339,-2.252168893814,1.404510140419,0.0,0.0,0.0,0.711145228068,0.075086197626
0,634,6,-6.573964118958,-1.249988079071,2.541634321213,0.0,0.0,0.0,4.865009054188,6.980085273196
0,635,52,-5.520528316498,-1.673856139183,6.48246717453,0.0,0.0,0.0,28.73284954418,43.161197167839
0,636,2,-7.458504199982,-1.819427847862,1.095243811607,0.0,0.0,0.0,3.78650904056,4.090736298635
0,637,5,-6.53574180603,-0.840416193008,2.145251512527,0.0,0.0,0.0,7.046068347495,5.459290896621
0,638,2,-7.476955890656,0.230466380715,1.036829471588,0.0,0.0,0.0,2.444574300318,0.229398736634
0,639,9,-6.908998012543,0.379277199507,1.743440389633,0.0,0.0,0.0,1.443217498173,1.657840104698
0,640,48,-7.177966117859,-1.739252328873,1.413499236107,0.0,0.0,0.0,10.572679802736,16.380713639216
0,641,0,-7.489876270294,2.432578086853,1.025603413582,0.0,0.0,0.0,0.0,0.0
0,642,1,-6.745969295502,1.656992912292,2.226214408875,0.0,0.0,0.0,5.444352204404,10.505342183159
0,643,2,-7.087044715881,-1.415544748306,1.517388343811,0.0,0.0,0.0,3.54953028375,0.375518294122
0,644,2,-6.991280555725,1.536106348038,1.594856739044,0.0,0.0,0.0,0.827854723176,0.351212645597
0,645,1,-5.317054748535,-1.698325157166,6.205962181091,0.0,0.0,0.0,10.486663865562,9.913556342018
0,646,1,-7.21355676651,-2.890879392624,1.374548196793,0.0,0.0,0.0,2.099171731578,3.503020671364
0,647,1,-7.411471366882,2.54239153862,1.134887814522,0.0,0.0,0.0,4.946810013509,3.7583883117
0,648,15,-7.297402381897,-2.877587080002,1.276280403137,0.0,0.0,0.0,2.981530966873,4.86953692842
0,649,16,-5.44925403595,-0.62609153986,8.118783950806,0.0,0.0,0.0,8.045560875589,13.128566015724
0,650,1,-7.529476165771,-2.180146932602,1.019931554794,0.0,0.0,0.0,3.516692252945,4.61150341077
0,651,17,-7.02126789093,0.949278771877,1.680308818817,0.0,0.0,0.0,5.043003993012,7.800402559136
0,652,1,-5.779592990875,-2.737711191177,5.775343894958,0.0,0.0,0.0,16.13992906741,28.758543492633
0,653,4,-7.497047424316,-2.848860740662,1.052956461906,0.0,0.0,0.0,2.35570467563,2.596502131223
0,654,1,-7.356446266174,1.803264260292,1.194671869278,0.0,0.0,0.0,1.451769047991,1.919849221128
0,655,2,-5.604244232178,-0.645259678364,6.864511013031,0.0,0.0,0.0,11.848677801151,15.349427982586
0,656,89,-5.999794960022,-2.460675954819,2.948963880539,0.0,0.0,0.0,10.974106494075,11.301671782102
0,657,10,-7.065723896027,-0.211294278502,1.613599658012,0.0,0.0,0.0,3.40326553281,4.799635213585
0,658,22,-6.554615974426,0.029901556671,1.909169793129,0.0,0.0,0.0,5.632503384283,4.814854615093
0,659,6,-7.470242977142,0.355420440435,1.058677434921,0.0,0.0,0.0,1.766759697846,0.943427320525
0,660,2,-7.490889072418,-1.563346982002,1.03598690033,0.0,0.0,0.0,2.686501965581,4.350487633372
0,661,6,-7.008739948273,-2.674727201462,1.533904194832,0.0,0.0,0.0,2.648293156385,1.270065841132
0,662,2,-7.320241928101,0.357150942087,1.21593773365,0.0,0.0,0.0,4.216929803987,0.222364568776
0,663,6,-7.252205848694,-1.12487077713,1.298678517342,0.0,0.0,0.0,5.907505600282,6.295742031002
0,664,13,-3.903359651566,-2.94521188736,22.179712295532,0.0,0.0,0.0,7.191614656364,8.127778501943
0,665,7,-6.23918390274,2.025734901428,3.511081457138,0.0,0.0,0.0,2.398776728453,3.020964014676
0,666,10,-7.443707942963,0.396928220987,1.056718945503,0.0,0.0,0.0,4.437579473945,7.860247928512
0,667,2,-7.102698802948,2.387880563736,1.497962236404,0.0,0.0,0.0,6.324188019061,3.788586782791
0,668,5,-7.280221939087,-1.62980723381,1.303046941757,0.0,0.0,0.0,10.20696198084,16.815007090298
0,669,2,-5.83119726181,2.856987476349,2.834616184235,0.0,0.0,0.0,1.74852801548,0.437862585999
0,670,48,-5.795384407043,0.74500232935,2.436831712723,0.0,0.0,0.0,1.280069109441,1.975859325677
0,671,5,-7.116187095642,-2.675584554672,1.521816492081,0.0,0.0,0.0,1.349019901453,1.673584785275
0,672,5,-7.518585681915,2.376695394516,1.020254731178,0.0,0.0,0.0,3.248209255116,5.779818133012
0,673,1,-6.30789899826,2.51123213768,2.651535511017,0.0,0.0,0.0,8.444958725513,14.89040884292
0,674,8,-7.487689495087,1.016792654991,1.042155265808,0.0,0.0,0.0,2.241912200289,0.635311241463
0,675,31,-6.138851642609,-2.692766189575,2.871771097183,0.0,0.0,0.0,3.477948357073,1.12989868933
0,676,1,-7.248905181885,-1.224662542343,1.25945854187,0.0,0.0,0.0,2.441813164255,1.720518945152
0,677,34,-7.278017997742,-2.611721992493,1.233459353447,0.0,0.0,0.0,23.800935408882,35.668172869497
0,678,12,-6.997847080231,-2.632745504379,1.714389801025,0.0,0.0,0.0,2.587289168327,0.792317059531
0,679,21,-7.348284244537,-1.827456831932,1.163933873177,0.0,0.0,0.0,5.597540447088,7.46957634808
0,680,2,-6.401013851166,2.097786664963,3.149634838104,0.0,0.0,0.0,5.084477112488,4.490841402585
0,681,18,-6.206755161285,-2.257695913315,3.457812309265,0.0,0.0,0.0,2.779656744553,5.032106035276
0,682,2,-6.640500545502,0.296180576086,2.43684387207,0.0,0.0,0.0,0.551482681843,0.615860377383
0,683,2,-7.497950077057,0.95602864027,1.042185306549,0.0,0.0,0.0,3.687756035704,4.043944312036
0,684,5,-7.077419281006,-2.419181346893,1.587992191315,0.0,0.0,0.0,10.733505088463,18.848184680624
0,685,2,-6.653274536133,0.845881938934,2.378257989883,0.0,0.0,0.0,2.447831632871,1.245157726589
0,686,5,-7.319108009338,-0.970250606537,1.214278459549,0.0,0.0,0.0,1.648350795258,0.369616109469
0,687,27,-7.469277858734,1.738009691238,1.078620314598,0.0,0.0,0.0,2.409564924074,2.6147512304
0,688,37,-6.831743240356,2.341005802155,1.88546359539,0.0,0.0,0.0,7.25796672555,11.598676942829
0,689,2,-7.201251506805,-0.555330336094,1.300684332848,0.0,0.0,0.0,1.365948497593,0.39307760481
0,690,14,-7.11424779892,-1.818524003029,1.374789834023,0.0,0.0,0.0,6.180872781147,7.618869140566
0,691,11,-6.453417301178,1.888947248459,2.23690700531,0.0,0.0,0.0,4.47167583261,8.012635284146
0,692,2,-6.968670845032,-2.755175352097,1.779187679291,0.0,0.0,0.0,7.96261240192,14.201232378913
0,693,6,-7.423389434814,0.283134520054,1.130619168282,0.0,0.0,0.0,7.010426808643,11.012702244637
0,694,7,-7.391183853149,-2.358384132385,1.155333757401,0.0,0.0,0.0,0.0,0.0
0,695,1,-6.143955230713,2.191566705704,4.005782604218,0.0,0.0,0.0,7.70671768235,9.499026733749
0,696,7,-6.028661251068,-1.442643523216,2.3975918293,0.0,0.0,0.0,6.47285042615,4.936856321076
0,697,40,-7.451741218567,-1.853574037552,1.068230509758,0.0,0.0,0.0,3.980912021815,7.352702470664
0,698,2,-6.772820949554,-0.001121541602,2.160823345184,0.0,0.0,0.0,5.290263854742,1.744680361051
0,699,1,-6.657197475433,1.157764196396,2.387473344803,0.0,0.0,0.0,2.945874969009,1.814588175823
0,700,57,-6.477205276489,0.77528989315,2.31510591507,0.0,0.0,0.0,4.846840548028,4.650953447962
0,701,8,-7.174603462219,-2.24830365181,1.427266120911,0.0,0.0,0.0,1.382393055537,0.38548686604
0,702,30,-6.485654354095,-2.549482107162,2.640283346176,0.0,0.0,0.0,2.107627238432,1.919672100804
0,703,1,-5.598766326904,1.292032718658,6.822115898132,0.0,0.0,0.0,27.12773281349,53.654593261585
0,704,1,-7.38863992691,-1.484340786934,1.091618776321,0.0,0.0,0.0,2.740576144605,0.060916493778
0,705,1,-7.101606845856,-2.844127655029,1.531093358994,0.0,0.0,0.0,0.540087240154,0.432081569701
0,706,1,-6.740861415863,2.910596609116,2.209104061127,0.0,0.0,0.0,5.653499277529,5.994960907905
0,707,2,-7.151399612427,-1.158031463623,1.47024333477,0.0,0.0,0.0,1.12675611151,0.563872595429
0,708,15,-7.399031639099,-2.714928865433,1.090382814407,0.0,0.0,0.0,3.368909655441,2.452892042342
0,709,2,-6.637828350067,-0.045322835445,2.477770805359,0.0,0.0,0.0,12.628525712938,24.100995669464
0,710,1,-6.87446975708,0.734206676483,1.828994274139,0.0,0.0,0.0,2.162622955591,0.517282587141
0,711,2,-6.633960723877,-1.567727208138,2.498260974884,0.0,0.0,0.0,7.429971672915,9.879643614459
0,712,1,-6.45400762558,-0.820532858372,2.940860033035,0.0,0.0,0.0,2.654610504254,1.061964178097
0,713,22,0.763594865799,-0.794121026993,0.538725912571,-0.00046752271,-0.008975882083,0.004229489714,3.055008212341,3.481400865317
0,713,25,-6.764867782593,0.600926101208,2.178840398788,0.0,0.0,0.0,3.055008212341,3.481400865317
0,714,43,-6.950776576996,2.860460042953,1.681699514389,0.0,0.0,0.0,6.034512254409,2.73865869382
0,715,2,-7.48427438736,-1.766292452812,1.067300796509,0.0,0.0,0.0,4.592342091018,7.533035252789
0,716,2,-7.278901576996,-0.709965586662,1.281591057777,0.0,0.0,0.0,3.401116518168,2.665673380713
0,717,1,-6.949104785919,-2.614958763123,1.555213570595,0.0,0.0,0.0,0.979708236678,1.691591461473
0,718,71,-6.30615568161,1.385328769684,2.326601266861,0.0,0.0,0.0,3.216355355771,1.922437658534
0,719,1,-6.267516613007,-0.183165475726,3.593394517899,0.0,0.0,0.0,6.463413534585,9.689695889048
0,720,33,-3.02247095108,1.251606702805,2.730150461197,0.053947776556,0.28682500124,-2.771459817886,5.687774487484,5.218886224117
0,720,47,-5.351492404938,-2.169043064117,8.087267875671,0.0,0.0,0.0,5.687774487484,5.218886224117
0,721,1,-7.101279735565,-2.558530569077,1.565384864807,0.0,0.0,0.0,4.89243985322,6.605946674839
0,722,2,-6.596428871155,-0.111801356077,2.087365865707,0.0,0.0,0.0,2.05192337728,3.373087178607
0,723,54,-6.207260608673,0.269113898277,2.651879549026,0.0,0.0,0.0,9.993187879437,12.453841378125
0,724,14,-5.590382575989,0.00346045685,6.69106388092,0.0,0.0,0.0,4.503936309554,7.80737970028
0,725,2,-5.369077205658,-2.124611854553,7.155516624451,0.0,0.0,0.0,0.0,0.0
0,726,1,-7.047590732574,2.550746917725,1.530058860779,0.0,0.0,0.0,0.492852191471,0.023090442099
0,727,6,-7.243648052216,0.62834239006,1.355267286301,0.0,0.0,0.0,8.003772487303,11.996521997315
0,728,17,-6.349971294403,-1.378024220467,2.916689872742,0.0,0.0,0.0,0.0,0.0
0,729,22,-7.422889709473,2.722017526627,1.10910987854,0.0,0.0,0.0,5.790363728982,9.314445413715
0,730,1,-6.715477466583,0.14457963407,2.127076625824,0.0,0.0,0.0,4.820636474638,8.687549921542
0,731,45,-7.148222923279,-0.314824938774,1.470777392387,0.0,0.0,0.0,12.039164473812,16.873397084026
0,732,2,-6.465217590332,-1.18467438221,2.436875343323,0.0,0.0,0.0,1.153370569417,0.023077599919
0,733,1,-7.151899814606,1.266366839409,1.43684053421,0.0,0.0,0.0,3.963674014776,4.440984086885
0,734,1,-6.895003795624,-2.719693660736,1.57881128788,0.0,0.0,0.0,5.429635291578,5.03426855263
0,735,1,-6.806444168091,2.951987504959,2.096696376801,0.0,0.0,0.0,4.457697895389,8.699533758805
0,736,1,-7.257867336273,-0.803639769554,1.332280397415,0.0,0.0,0.0,3.04828935888,4.913159342168
0,737,6,-6.24989938736,-1.274142146111,3.550224065781,0.0,0.0,0.0,7.219414763518,8.566243789224
0,738,1,-7.087112426758,0.006432641763,1.588241457939,0.0,0.0,0.0,3.929308130175,4.344202228146
0,739,38,-6.550164699554,-2.216172933578,2.65233540535,0.0,0.0,0.0,12.447789101256,21.406138859228
0,740,1,-6.841349124908,3.128250598907,1.690239667892,0.0,0.0,0.0,4.368541670179,3.583773509684
0,741,37,-6.56766462326,1.561911940575,2.126258134842,0.0,0.0,0.0,10.701610577813,10.384206147578
0,742,2,-5.834773540497,2.121083498001,4.384196281433,0.0,0.0,0.0,3.226724340257,1.364646299649
0,743,7,-6.647683143616,0.971562743187,2.456168889999,0.0,0.0,0.0,7.438436957159,14.1413288386
0,744,7,-7.357626438141,2.030346155167,1.156632781029,0.0,0.0,0.0,1.531259447229,0.372710635942
0,745,4,-7.336748123169,-0.780063509941,1.235117077827,0.0,0.0,0.0,6.064363465131,7.277692755881
0,746,1,-7.373602867126,-1.853521585464,1.162324547768,0.0,0.0,0.0,0.650713376735,1.288835213421
0,747,2,-7.541943073273,-1.453387975693,1.00422513485,0.0,0.0,0.0,1.28083747735,2.269342603616
0,748,1,-6.7279920578,-2.735841751099,1.792706370354,0.0,0.0,0.0,1.401137589364,2.776552553169
0,749,5,-7.092723846436,-0.02719537355,1.450216054916,0.0,0.0,0.0,5.809513160861,4.798815639338
0,750,2,-6.236058712006,2.887634754181,2.763783454895,0.0,0.0,0.0,3.219698129364,1.425923193862
0,751,1,-6.310639381409,1.794069647789,2.394950151443,0.0,0.0,0.0,3.604030406527,3.583061077636
0,752,1,-6.705729961395,-2.402449131012,2.035072088242,0.0,0.0,0.0,0.822647429013,1.350778318074
0,753,2,-7.147137641907,-1.300052881241,1.404875159264,0.0,0.0,0.0,3.547864501387,5.162156803097
0,754,1,-6.95788526535,2.637929677963,1.61991584301,0.0,0.0,0.0,1.321489596055,0.409000640583
0,755,2,-6.858630180359,-1.090003967285,1.87928879261,0.0,0.0,0.0,4.514807030365,7.901548322711
0,756,35,-4.374681949615,-0.979736506939,17.73579788208,0.0,0.0,0.0,3.545718906644,1.506742956196
0,757,3,-7.0706615448,2.792387008667,1.570579051971,0.0,0.0,0.0,1.485874963365,2.930280613693
0,758,1,-6.886646747589,0.908201396465,1.758287787437,0.0,0.0,0.0,1.655341340199,3.260735734481
0,759,1,-7.15248298645,1.640094280243,1.328981518745,0.0,0.0,0.0,1.279105088497,1.657451197945
0,760,4,-5.451192378998,-1.227208614349,8.071124076843,0.0,0.0,0.0,15.883574464703,28.372812188209
0,761,2,-7.514728069305,2.05495595932,1.003670454025,0.0,0.0,0.0,0.903895709328,0.670841512588
0,762,2,-7.456370353699,1.304157614708,1.08798956871,0.0,0.0,0.0,3.450727965302,6.60494977179
0,763,2,-6.896783351898,-2.339125394821,1.896936893463,0.0,0.0,0.0,4.036442884179,6.766554714964
0,764,4,-7.168298244476,-1.672068119049,1.400926113129,0.0,0.0,0.0,4.417316043048,8.661995578464
0,765,1,-6.813383579254,-1.874935746193,2.040950536728,0.0,0.0,0.0,0.601968419433,0.712581779427
0,766,37,-4.828939914703,0.956770658493,13.864089012146,0.0,0.0,0.0,6.951028090212,6.123794669832
0,767,9,-6.795902252197,-2.29363656044,2.032023191452,0.0,0.0,0.0,0.35738353186,0.60468219264
0,768,36,-5.999666213989,-0.472017109394,4.553414344788,0.0,0.0,0.0,35.68822525362,55.178692076645
0,769,1,-7.314473628998,0.003516249824,1.240414738655,0.0,0.0,0.0,2.165843149644,2.126863315208
0,770,1,-7.114861011505,1.309182405472,1.539799571037,0.0,0.0,0.0,2.300461486564,1.523941872407
0,771,2,-7.351554393768,-0.433754116297,1.180069565773,0.0,0.0,0.0,0.0,0.0
0,772,1,-7.452443122864,-2.749352455139,1.089640617371,0.0,0.0,0.0,1.732100726444,3.353143818224
0,773,22,-4.751809120178,-0.520263850689,15.695796966553,0.0,0.0,0.0,38.1067239848,73.366438021592
0,774,1,-6.409857273102,-1.722795009613,3.05763053894,0.0,0.0,0.0,2.531113050864,3.657015631233
0,775,30,-6.795376300812,-1.729620575905,1.734682440758,0.0,0.0,0.0,5.489746630036,7.856204651192
0,776,4,-6.925887107849,2.4592628479,1.864239811897,0.0,0.0,0.0,6.681090716768,13.063612403533
0,777,1,-7.267653465271,-0.75218886137,1.313501954079,0.0,0.0,0.0,4.475798539979,5.72740282779
0,778,2,-6.772882938385,1.098018407822,2.137434959412,0.0,0.0,0.0,3.560342071569,4.408923017867
0,779,1,-6.883289337158,2.051024913788,1.854822635651,0.0,0.0,0.0,4.421230445282,6.34801187043
0,780,2,-7.419146060944,-2.78367805481,1.117067933083,0.0,0.0,0.0,1.922339129838,1.685125117295
0,781,11,-7.425730705261,0.783653080463,1.090152382851,0.0,0.0,0.0,1.321708314198,0.421987449003
0,782,8,-7.289594173431,2.367325305939,1.189751982689,0.0,0.0,0.0,5.858240055125,0.68340072211
0,783,8,-7.195340633392,-1.06122148037,1.284215807915,0.0,0.0,0.0,0.0,0.0
0,784,22,-7.146880149841,1.506651163101,1.399505853653,0.0,0.0,0.0,5.174500634359,6.868181396641
0,785,1,-7.432318687439,-2.196614027023,1.106190443039,0.0,0.0,0.0,1.970621229282,2.265388809699
0,786,6,-7.197879314423,-1.289436340332,1.362242698669,0.0,0.0,0.0,1.028890589884,0.592133607713
0,787,2,-6.956767082214,-2.968477249146,1.796142578125,0.0,0.0,0.0,0.821878288426,1.265733484146
0,788,2,-7.401228904724,2.382026672363,1.160185098648,0.0,0.0,0.0,0.0,0.0
0,789,15,-7.176399707794,1.945434451103,1.449007868767,0.0,0.0,0.0,10.148357579297,17.947494964101
0,790,4,-5.992383956909,2.620924472809,4.526623725891,0.0,0.0,0.0,4.028904351183,6.241884677301
0,791,41,-5.723240852356,-2.969540119171,3.398147583008,0.0,0.0,0.0,11.386887832874,13.803820332854
0,792,9,-6.909688949585,0.722674548626,1.897071242332,0.0,0.0,0.0,7.127137569106,11.119431834122
0,793,1,-6.673807144165,2.657685518265,2.021230459213,0.0,0.0,0.0,8.220161753933,0.798722731537
0,794,7,-6.84829044342,1.588705182076,1.836204409599,0.0,0.0,0.0,2.705073584194,0.615825023677
0,795,2,-7.071536540985,2.408487081528,1.605710625648,0.0,0.0,0.0,4.232219157848,3.719491860628
0,796,2,-7.203748703003,1.993093729019,1.370227575302,0.0,0.0,0.0,4.051488903932,4.662884629031
0,797,4,-7.373585224152,1.821988940239,1.135295033455,0.0,0.0,0.0,0.0,0.0
0,798,34,-6.719903469086,2.886372804642,2.109302997589,0.0,0.0,0.0,6.052009196536,7.07334403003
0,799,2,-7.140451431274,1.533082723618,1.499593377113,0.0,0.0,0.0,10.443817912444,17.186040541754
0,800,4,-7.282873630524,-0.016714937985,1.241507172585,0.0,0.0,0.0,1.473705326302,0.37247327449
0,801,1,-6.698229789734,-2.31508398056,2.061583757401,0.0,0.0,0.0,1.596249657543,3.090610538742
0,802,9,-6.639674663544,2.07147526741,2.471365451813,0.0,0.0,0.0,6.048682010162,7.239852614175
0,803,37,-7.496911525726,2.751094818115,0.993658959866,0.0,0.0,0.0,12.932003214068,23.692425547104
0,804,3,-7.20249080658,1.240253567696,1.381342053413,0.0,0.0,0.0,6.617625789518,1.63272857156
0,805,2,-6.481377601624,-0.076406225562,2.839577674866,0.0,0.0,0.0,7.733520698267,10.907668505696
0,806,71,-6.291525363922,-0.165112614632,2.83983373642,0.0,0.0,0.0,5.43494164293,6.248599852523
0,807,42,-5.638069629669,2.680824995041,2.618342161179,0.0,0.0,0.0,12.921698854358,3.060731367235
0,808,1,-7.21414899826,3.071815729141,1.298500418663,0.0,0.0,0.0,0.0,0.0
0,809,3,-7.149754047394,-1.602051496506,1.36183154583,0.0,0.0,0.0,0.0,0.0
0,810,49,-6.682654857635,2.816344022751,2.108827352524,0.0,0.0,0.0,1.772261726122,0.443327073876
0,811,1,-7.458880901337,-2.611322879791,1.07696378231,0.0,0.0,0.0,2.532444047593,2.086866759778
0,812,5,-6.668282985687,-2.419028997421,2.414766550064,0.0,0.0,0.0,13.412802538444,18.553008970797
0,813,2,-7.011988162994,0.190138563514,1.660328388214,0.0,0.0,0.0,4.644115075454,4.432024893941
0,814,1,-6.92599439621,-2.163053512573,1.556914806366,0.0,0.0,0.0,3.449840220646,3.613249852349
0,815,27,-5.06286907196,3.018798828125,10.214544296265,0.0,0.0,0.0,2.764307117481,3.801510860192
0,816,5,-7.403707504272,2.267997503281,1.137767910957,0.0,0.0,0.0,2.086453981331,0.702169168833
0,817,41,-5.49245929718,0.536361277103,6.641063213348,0.0,0.0,0.0,10.33566324371,11.177245228442
0,818,10,-6.810383319855,-1.618932962418,1.827042579651,0.0,0.0,0.0,2.216386022248,4.072856030522
0,819,1,-7.401174545288,-0.961698710918,1.130940437317,0.0,0.0,0.0,7.695470374517,12.34275914859
0,820,26,-5.911332130432,0.181030258536,4.899285793304,0.0,0.0,0.0,5.617143289796,9.566484172318
0,821,6,-7.370534896851,1.019340515137,1.159529685974,0.0,0.0,0.0,0.538926587585,0.404669070013
0,822,50,-5.559988021851,0.210886836052,4.472715377808,0.0,0.0,0.0,4.663221543697,5.252410162333
0,823,1,-6.422011852264,-1.458814501762,3.060871124268,0.0,0.0,0.0,5.839463927744,6.909925567225
0,824,9,-7.023247241974,2.82319688797,1.632987856865,0.0,0.0,0.0,3.44377579447,3.894902599884
0,825,2,-7.52886390686,0.09490481019,1.007546186447,0.0,0.0,0.0,10.534508658405,7.267816915098
0,826,1,-6.76148223877,-2.386707544327,2.145307779312,0.0,0.0,0.0,0.7291058625,0.019641315704
0,827,2,-7.175934791565,2.421448469162,1.404691338539,0.0,0.0,0.0,3.868345876841,1.125007677173
0,828,57,-6.972114086151,-1.670585036278,1.683061599731,0.0,0.0,0.0,14.013298014365,8.654048418822
0,829,1,-5.560075759888,0.024702526629,5.564623355865,0.0,0.0,0.0,2.037367792357,2.957810950832
0,830,11,-6.63915681839,0.88380408287,1.943598031998,0.0,0.0,0.0,6.972039051578,8.96563115655
0,831,5,-7.425307750702,-2.106327056885,1.056620717049,0.0,0.0,0.0,1.40962897629,1.191697763754
0,832,31,-6.703672409058,0.626082956791,2.172312021255,0.0,0.0,0.0,6.184435406711,8.54843316155
0,833,2,-6.907649993896,0.549660563469,1.887990832329,0.0,0.0,0.0,0.0,0.0
0,834,24,-6.108191013336,-2.448708772659,2.652406930923,0.0,0.0,0.0,11.349773438471,20.364096094432
0,835,8,-7.048202037811,2.039336919785,1.611064314842,0.0,0.0,0.0,10.319433601037,16.715071653777
0,836,1,-7.21241235733,-2.618583202362,1.378394722939,0.0,0.0,0.0,8.629403984872,16.700131822045
0,837,2,-7.275876998901,-1.621229290962,1.211305141449,0.0,0.0,0.0,1.346495390926,2.484047855031
0,838,6,-7.204113006592,1.248561143875,1.392471790314,0.0,0.0,0.0,2.979376904069,2.166659030489
0,839,2,-6.734018325806,0.028846448287,2.234333276749,0.0,0.0,0.0,0.0,0.0
0,840,1,-6.75786447525,0.338477909565,2.127046108246,0.0,0.0,0.0,0.849488009366,1.677047855393
0,841,1,-5.739443778992,0.612722814083,1.83130645752,0.0,0.0,0.0,3.064433654621,5.759440558443
0,842,2,-6.707849025726,0.048489779234,2.272611141205,0.0,0.0,0.0,6.269980089316,9.56614871745
0,843,24,-6.472615242004,2.322268009186,2.921852827072,0.0,0.0,0.0,9.694986451145,12.660895657984
0,844,6,-7.322709083557,1.872955322266,1.185578942299,0.0,0.0,0.0,0.0,0.0
0,845,32,-6.559440135956,-2.254528284073,2.246454000473,0.0,0.0,0.0,6.290048544439,7.860227035314
0,846,56,-6.077831268311,1.611947894096,4.138012886047,0.0,0.0,0.0,15.975010324479,17.258044205641
0,847,2,-7.289353847504,1.715067863464,1.252876400948,0.0,0.0,0.0,2.128986668638,3.719802802113
0,848,7,-7.417480945587,-1.766364574432,1.12975871563,0.0,0.0,0.0,0.92660156326,0.515257287877
0,849,7,-6.839741706848,-0.883852362633,1.806125640869,0.0,0.0,0.0,2.277883832122,1.552948965569
0,850,2,-7.316957950592,1.594309568405,1.166894316673,0.0,0.0,0.0,3.964544293983,3.563425167382
0,851,1,-6.981363773346,-2.488451004028,1.737350702286,0.0,0.0,0.0,9.571089747132,12.751826974579
0,852,69,-2.899924993515,-2.353961706161,0.494585424662,-0.079409331083,-0.039849240333,-3.062020540237,2.525659002033,2.484419375222
0,852,71,-6.506372928619,0.238888919353,2.201313495636,0.0,0.0,0.0,2.525659002033,2.484419375222
0,853,2,-7.432441711426,-0.918805241585,1.109031677246,0.0,0.0,0.0,4.874445199845,8.534821560438
0,854,9,-6.772169113159,0.770923614502,2.176203966141,0.0,0.0,0.0,6.832259922887,8.47204614795
0,855,1,-7.470668315887,-2.230356454849,1.067098379135,0.0,0.0,0.0,6.569398384449,7.827016205749
0,856,17,-7.107385158539,-2.169269561768,1.549423933029,0.0,0.0,0.0,7.230175829433,9.868511253397
0,857,2,-6.135627269745,1.664773225784,3.719024658203,0.0,0.0,0.0,2.04454548126,1.80976221358
0,858,1,-6.698068141937,2.735864877701,2.114462852478,0.0,0.0,0.0,0.0,0.0
0,859,7,-7.483488559723,0.631049156189,1.030223608017,0.0,0.0,0.0,1.379637511607,0.708491513668
0,860,32,-6.927417755127,-2.812144994736,1.621702671051,0.0,0.0,0.0,5.799638791929,8.659472468268
0,861,28,-5.95741558075,0.477854043245,2.272421836853,0.0,0.0,0.0,5.907267296561,2.795472785526
0,862,7,-5.945411205292,0.373930215836,3.545163154602,0.0,0.0,0.0,1.391993357939,0.382023305397
0,863,6,-6.667541980743,-3.136786460876,1.821117520332,0.0,0.0,0.0,0.0,0.0
0,864,6,-7.35550737381,-0.027933159843,1.187158226967,0.0,0.0,0.0,0.0,0.0
0,865,9,-7.442266941071,2.488075494766,1.07897233963,0.0,0.0,0.0,0.0,0.0
0,866,25,-7.028470039368,3.020478248596,1.654412150383,0.0,0.0,0.0,9.031790594562,9.239231897102
0,867,1,-6.797096729279,-1.205667495728,1.678171873093,0.0,0.0,0.0,4.762376628495,8.869714905195
0,868,35,-6.86267375946,2.638529062271,1.80784034729,0.0,0.0,0.0,14.527743051288,14.121783685202
0,869,2,-6.751334667206,0.383848875761,1.997770428658,0.0,0.0,0.0,2.570030282623,3.158356087635
0,870,2,-7.357840061188,1.900869607925,1.12245118618,0.0,0.0,0.0,3.354753234739,4.856424885636
0,871,43,-5.315552711487,2.432684898376,7.931896209717,0.0,0.0,0.0,10.998997239419,9.822267299513
0,872,34,-6.771048069,0.626890182495,2.069590806961,0.0,0.0,0.0,12.025261706882,14.063085826268
0,873,1,-7.334728240967,-2.077858924866,1.226282119751,0.0,0.0,0.0,0.593220248641,0.838538454673
0,874,6,-6.853079795837,0.850357234478,1.993062496185,0.0,0.0,0.0,4.615659843984,7.993803266508
0,875,2,-7.471035003662,1.422698736191,1.068646192551,0.0,0.0,0.0,4.680260102428,6.986175312149
0,876,11,-7.342956066132,0.082704991102,1.188551783562,0.0,0.0,0.0,6.556487776674,6.623484626638
0,877,24,-6.613158226013,2.21796631813,2.546933412552,0.0,0.0,0.0,4.891945490188,7.764687037732
0,878,2,-7.210098743439,-2.727723360062,1.354515790939,0.0,0.0,0.0,0.641943250121,0.052417667529
0,879,15,-5.02939414978,-0.214968949556,12.339009284973,0.0,0.0,0.0,18.53471633897,26.587412653292
0,879,32,-0.223236963153,2.179594039917,1.374214172363,-0.82477247715,0.63108754158,-0.404436141253,18.53471633897,26.587412653292
0,880,7,-7.347912311554,0.067048564553,1.161332368851,0.0,0.0,0.0,3.017576287948,1.64967331047
0,881,4,-7.044733524323,0.594806969166,1.646290540695,0.0,0.0,0.0,2.343188961266,1.115281835262
0,882,1,-7.269845962524,1.435904622078,1.284418344498,0.0,0.0,0.0,0.782969388295,1.221657069102
0,883,1,-7.065086841583,-0.809255540371,1.583405613899,0.0,0.0,0.0,3.355549092636,5.12900464837
0,884,11,-6.35684299469,0.461415946484,2.194141149521,0.0,0.0,0.0,3.220360763846,2.70089624866
0,885,7,-7.462645053864,-1.831637859344,1.027881383896,0.0,0.0,0.0,4.014365955543,3.879759774668
0,886,11,-7.330169200897,2.744270086288,1.230999827385,0.0,0.0,0.0,2.385496993121,4.278623949093
0,887,1,-6.515954017639,1.066542983055,2.501964330673,0.0,0.0,0.0,0.665798329945,1.280661338832
0,888,1,-7.084101200104,-1.688238739967,1.563789844513,0.0,0.0,0.0,5.130675554872,0.699142408499
0,889,8,-6.50152349472,2.243450641632,2.564864873886,0.0,0.0,0.0,9.057282527688,9.956763033744
0,890,48,-5.835185050964,-1.479563713074,3.112126588821,0.0,0.0,0.0,7.167320734887,11.365918408449
0,891,1,-7.012039661407,-1.059646844864,1.704474806786,0.0,0.0,0.0,3.360285488507,4.348457980882
0,892,5,-7.474866390228,0.0182024315,1.074350714684,0.0,0.0,0.0,4.81583603024,0.433027096273
0,893,6,-7.111515045166,1.844261884689,1.522153496742,0.0,0.0,0.0,1.679695580045,0.425359040452
0,894,1,-7.319620609283,-0.699988126755,1.25476706028,0.0,0.0,0.0,5.050527369307,9.532950637389
0,895,17,-6.899470329285,0.472957521677,1.764047145844,0.0,0.0,0.0,1.122478536599,0.194313559058
0,896,2,-7.44118309021,-3.00341796875,1.068823456764,0.0,0.0,0.0,5.751172610241,6.467676647846
0,897,2,-7.526161670685,-1.424906611443,1.009618639946,0.0,0.0,0.0,3.219806265468,3.111933203576
0,898,2,-7.02648639679,3.12912940979,1.663007736206,0.0,0.0,0.0,1.188520263809,1.880313850627
0,899,1,-6.380620479584,-2.560167312622,3.186360359192,0.0,0.0,0.0,6.574593666402,7.370905104951
0,900,45,-5.352405548096,-0.143861249089,3.700654745102,0.0,0.0,0.0,5.700707279766,7.474231618598
0,901,5,-7.046491622925,-2.941070079803,1.65114068985,0.0,0.0,0.0,8.192307398617,13.142381589879
0,902,1,-7.054967403412,2.477101325989,1.577751755714,0.0,0.0,0.0,4.04422613817,8.020758080396
0,903,1,-6.627747058868,0.046793680638,2.351440191269,0.0,0.0,0.0,9.338823466572,17.877794712513
0,904,1,-7.488589286804,-3.121770858765,1.010341405869,0.0,0.0,0.0,2.410631012367,1.118560959817
0,905,1,-6.697733402252,-2.968251943588,2.115978717804,0.0,0.0,0.0,0.0,0.0
0,906,2,-7.346174240112,2.433444499969,1.11558842659,0.0,0.0,0.0,2.757130253875,4.240036793756
0,907,2,-6.774052143097,-1.919737100601,1.835256576538,0.0,0.0,0.0,0.255960745105,0.488377085452
0,908,24,-6.345102310181,3.047926902771,3.162773609161,0.0,0.0,0.0,4.697020734734,6.506228779739
0,909,8,-7.120579242706,-0.070802882314,1.526039719582,0.0,0.0,0.0,1.71870818274,2.875290838284
0,910,1,-6.990281581879,-0.438840866089,1.732509493828,0.0,0.0,0.0,4.339089761315,5.214388300171
0,911,27,-5.273279190063,-2.921997785568,6.445475578308,0.0,0.0,0.0,6.856189511824,11.79666906183
0,912,20,-5.768304347992,-1.423622369766,5.869913578033,0.0,0.0,0.0,11.002975954542,18.026759894086
0,913,45,-6.168149471283,0.46306887269,3.801412820816,0.0,0.0,0.0,5.133623630671,6.581194527108
0,914,50,-6.551115989685,1.364261031151,2.605454683304,0.0,0.0,0.0,15.072591283403,22.781600133137
0,915,2,-7.098132610321,0.46217674017,1.541921854019,0.0,0.0,0.0,0.0,0.0
0,916,3,-7.031727313995,0.934734880924,1.590896964073,0.0,0.0,0.0,0.0,0.0
0,917,1,-7.385613441467,2.413689851761,1.135349869728,0.0,0.0,0.0,6.626127462059,5.733796260715
0,918,5,-7.260282516479,-2.207641601562,1.316596150398,0.0,0.0,0.0,5.370151822577,3.697835956837
0,919,9,-7.423190116882,3.091844558716,1.109756827354,0.0,0.0,0.0,2.596428448059,2.555867952611
0,920,27,-6.242919921875,1.91592001915,3.646452188492,0.0,0.0,0.0,16.041179096055,27.252959357602
0,921,10,-7.36680316925,-0.066516198218,1.108583569527,0.0,0.0,0.0,5.061284058628,0.349583082751
0,922,2,-7.453333377838,0.158643618226,1.055500745773,0.0,0.0,0.0,5.876822061307,3.84149024672
0,923,1,-7.296492099762,0.761778652668,1.218245029449,0.0,0.0,0.0,1.265495729943,0.236941734326
0,924,1,-4.348856449127,1.146865487099,18.274856567383,0.0,0.0,0.0,3.789391570984,3.568794710085
0,925,2,-7.281071662903,2.095348119736,1.299217939377,0.0,0.0,0.0,2.047937027481,2.369292228631
0,926,2,-5.906970977783,1.029921889305,5.097498416901,0.0,0.0,0.0,11.143595821985,21.701101839866
0,927,1,-6.971691131592,1.243920922279,1.771075367928,0.0,0.0,0.0,10.285126919721,11.103209592925
0,928,34,-5.998546600342,-2.14276599884,3.911752462387,0.0,0.0,0.0,4.027002765129,6.530968283214
0,929,5,-5.509241580963,-1.925573468208,4.947762966156,0.0,0.0,0.0,2.89035508061,0.306763220348
0,930,24,-5.927567481995,-0.994419515133,4.915746688843,0.0,0.0,0.0,12.419387240125,20.234059837096
0,931,2,-6.860110282898,0.184260845184,1.824645400047,0.0,0.0,0.0,0.0,0.0
0,932,1,-7.255114078522,-1.580615520477,1.324173927307,0.0,0.0,0.0,0.0,0.0
0,933,2,-6.606110572815,1.762417793274,2.562825679779,0.0,0.0,0.0,1.752430696838,2.752432545694
0,934,1,-7.200306892395,-1.398904323578,1.391917109489,0.0,0.0,0.0,0.574167942086,0.756020321117
0,935,7,-6.152083396912,1.789828419685,3.182278633118,0.0,0.0,0.0,6.571373497837,9.772438882799
0,936,14,-5.833179473877,-2.71008849144,2.389123439789,0.0,0.0,0.0,11.67246921607,7.81306822151
0,937,19,-7.029806613922,-0.691013932228,1.556666493416,0.0,0.0,0.0,2.227039106506,0.459359189785
0,938,20,-6.763360977173,-0.101088069379,2.122846841812,0.0,0.0,0.0,10.886319922486,6.416923499024
0,939,1,-7.529836177826,-0.670918166637,1.005647182465,0.0,0.0,0.0,3.680480679586,6.450682993391
0,940,5,-6.503702163696,1.526988267899,2.831349134445,0.0,0.0,0.0,3.749978895263,6.992455962482
0,941,21,-6.962490558624,-1.544413805008,1.779808402061,0.0,0.0,0.0,7.140031965552,7.612366094045
0,942,32,-6.885321140289,2.061492919922,1.916061758995,0.0,0.0,0.0,8.652265830699,10.240365871503
0,943,1,-7.075504779816,-0.31936314702,1.484898686409,0.0,0.0,0.0,3.05365501113,5.993835438256
0,944,2,-6.109021186829,1.713109254837,3.977481603622,0.0,0.0,0.0,8.109272381713,10.384219332606
0,945,2,-7.295417308807,-0.621424198151,1.279179930687,0.0,0.0,0.0,7.815271972178,6.294032995457
0,946,1,-5.281076431274,-2.435899734497,7.753644943237,0.0,0.0,0.0,5.274914231621,1.502493917567
0,947,6,-7.537791252136,1.29763007164,1.008720397949,0.0,0.0,0.0,7.274444123499,13.409674542459
0,948,1,-6.307484149933,-2.418786048889,2.602317810059,0.0,0.0,0.0,0.833830168778,0.22615156806
0,949,11,-6.916687488556,-2.676476478577,1.693595051765,0.0,0.0,0.0,2.42950746084,2.779671585882
0,950,5,-7.077073097229,-2.236709833145,1.504255414009,0.0,0.0,0.0,0.624236812509,0.527263948147
0,951,23,-6.910521507263,2.076488494873,1.79666852951,0.0,0.0,0.0,2.746630200085,2.716933060543
0,952,16,-5.95469045639,-0.35889261961,3.865353345871,0.0,0.0,0.0,4.174463196775,1.908132207139
0,953,2,-7.171442985535,1.271946310997,1.339104294777,0.0,0.0,0.0,3.28519022531,4.101311084314
0,954,10,-7.445141792297,-2.052450895309,1.089815020561,0.0,0.0,0.0,2.167685697203,4.068991431301
0,955,5,-7.403615951538,0.961587309837,1.131230354309,0.0,0.0,0.0,8.102245163468,7.685023835118
0,956,1,-7.342868328094,-1.271528840065,1.229953169823,0.0,0.0,0.0,9.941671085675,15.539050433207
0,957,2,-7.413218021393,-2.361293077469,1.129333019257,0.0,0.0,0.0,3.966474722121,3.714657591074
0,958,1,-6.907590389252,2.366194486618,1.877220988274,0.0,0.0,0.0,4.886041138713,9.222824340921
0,959,2,-7.126203536987,-0.876657128334,1.430962920189,0.0,0.0,0.0,2.000010192555,0.745755327876
0,960,6,-7.480899810791,1.292106986046,1.067499041557,0.0,0.0,0.0,4.425976347095,6.244973697944
0,961,23,-6.747301578522,1.517998099327,2.220083236694,0.0,0.0,0.0,8.387661478787,15.241346612046
0,962,2,-6.399402141571,1.819717288017,2.462113618851,0.0,0.0,0.0,0.0,0.0
0,963,2,-7.379519462585,2.913130283356,1.095915675163,0.0,0.0,0.0,2.810060580971,1.170909138653
0,964,27,-6.845240592957,-1.480863213539,1.993953227997,0.0,0.0,0.0,5.193848238894,8.407254621557
0,965,1,-6.024096012115,-2.145580530167,4.598742008209,0.0,0.0,0.0,7.332478530747,9.877976154864
0,966,25,-7.329613208771,-1.182027339935,1.157016038895,0.0,0.0,0.0,12.897387947357,20.34739950085
0,967,2,-5.749806404114,1.086990118027,5.563460826874,0.0,0.0,0.0,4.149757094694,6.174455306109
0,968,55,-6.299822330475,-2.410716295242,2.606664896011,0.0,0.0,0.0,7.61217555258,13.705999149689
0,969,35,-7.452014923096,2.747680425644,1.034947752953,0.0,0.0,0.0,14.330161807825,7.627460202875
0,970,8,-7.061097145081,-2.416937112808,1.565272092819,0.0,0.0,0.0,1.104037787898,0.256847349836
0,971,25,-7.122628211975,1.595302939415,1.52759373188,0.0,0.0,0.0,8.301144114103,16.04651399432
0,972,1,-6.018888473511,0.406351625919,4.609877586365,0.0,0.0,0.0,10.165524400484,16.127077185857
0,973,2,-5.905383586884,1.292887091637,4.732884407043,0.0,0.0,0.0,1.631032009295,0.146575067796
0,974,34,-5.205494880676,-0.016792364419,2.991066217422,0.0,0.0,0.0,7.67247924894,13.43136017735
0,975,22,-6.999359607697,-0.685204803944,1.702720999718,0.0,0.0,0.0,6.494447324242,10.254815881119
0,976,28,-6.735256671906,1.316018342972,2.230099439621,0.0,0.0,0.0,8.888164144742,11.930163877369
0,977,24,-5.274073123932,-0.545227527618,7.846552848816,0.0,0.0,0.0,4.644959377017,3.014030412315
0,978,39,-6.823298454285,3.086222887039,2.01621723175,0.0,0.0,0.0,7.867731536998,9.576384305806
0,979,2,-7.516774654388,0.757217824459,1.025614976883,0.0,0.0,0.0,1.671585434021,0.341392347828
0,980,2,-7.084834098816,-3.095211029053,1.589499235153,0.0,0.0,0.0,4.210734163795,5.713080646103
0,981,2,-7.428328514099,-1.612352848053,1.088239789009,0.0,0.0,0.0,1.144627943482,0.393105727136
0,982,6,-5.799046993256,2.158492088318,4.323103427887,0.0,0.0,0.0,0.0,0.0
0,983,1,-7.29079246521,-2.021415948868,1.292887091637,0.0,0.0,0.0,2.603094160007,0.868227916718
0,984,1,-7.379182815552,-0.434462040663,1.178526520729,0.0,0.0,0.0,4.060875152336,6.730031172613
0,985,4,-7.130189418793,-0.651141822338,1.47676897049,0.0,0.0,0.0,2.737497562285,4.450241172769
0,986,2,-7.070176124573,-2.144549846649,1.516934156418,0.0,0.0,0.0,3.931699879202,0.666437531195
0,987,5,-6.524198055267,-2.227812051773,2.158425569534,0.0,0.0,0.0,0.0,0.0
0,988,2,-7.366789340973,-0.975390255451,1.16942679882,0.0,0.0,0.0,2.201470416073,0.471882380631
0,989,1,-6.682781219482,-2.194775819778,2.319709062576,0.0,0.0,0.0,2.329942436989,0.298439609126
0,990,2,-6.376760482788,2.529884815216,2.092450857162,0.0,0.0,0.0,2.216079192795,0.085949725853
0,991,9,-6.994601726532,0.725049436092,1.579054474831,0.0,0.0,0.0,5.027849612894,1.794149339229
0,992,1,-6.77600812912,2.4001557827,2.153276443481,0.0,0.0,0.0,2.329524703711,3.528235199909
0,993,2,-6.937297344208,-1.497764110565,1.65660238266,0.0,0.0,0.0,2.013472369326,3.92179504179
0,994,2,-7.326493740082,2.221153497696,1.236106157303,0.0,0.0,0.0,9.012736944658,8.983118547001
0,995,6,-6.768542766571,1.835376620293,2.112692832947,0.0,0.0,0.0,1.210509044603,0.222087050144
0,996,26,-6.869245529175,-2.642168045044,1.9623452425,0.0,0.0,0.0,7.557406922543,0.229524459866
0,997,1,-7.082003593445,1.415769219398,1.562056660652,0.0,0.0,0.0,4.519386199354,3.023275816076
0,998,14,-7.476016521454,-0.066567957401,1.012120485306,0.0,0.0,0.0,4.362532695544,8.244614186443
0,999,1,-7.311959266663,0.370950430632,1.261975765228,0.0,0.0,0.0,7.843361049995,9.511637135308
